date	Count	Index	True	Pred	Family	Score
2020-01	0	389	0	0.4800	benign	0.4800
2020-01	1	2859	0	0.4800	benign	0.4800
2020-01	2	22	1	0.5245	execdownload	0.4755
2020-01	3	2359	0	0.5246	benign	0.4754
2020-01	4	2721	0	0.5261	benign	0.4739
2020-01	5	3023	0	0.4544	benign	0.4544
2020-01	6	99	1	0.4292	execdownload	0.4292
2020-01	7	1170	0	0.4169	benign	0.4169
2020-01	8	82	1	0.5876	execdownload	0.4124
2020-01	9	817	0	0.3977	benign	0.3977
2020-01	10	2908	0	0.6055	benign	0.3945
2020-01	11	204	1	0.3893	execdownload	0.3893
2020-01	12	1477	0	0.3794	benign	0.3794
2020-01	13	2419	0	0.6227	benign	0.3773
2020-01	14	79	1	0.6235	packed	0.3765
2020-01	15	81	1	0.6235	packed	0.3765
2020-01	16	3123	0	0.3706	benign	0.3706
2020-01	17	777	0	0.3648	benign	0.3648
2020-01	18	2867	0	0.3551	benign	0.3551
2020-01	19	28	1	0.3545	ewind	0.3545
2020-01	20	542	0	0.6522	benign	0.3478
2020-01	21	2810	0	0.3474	benign	0.3474
2020-01	22	1510	0	0.6627	benign	0.3373
2020-01	23	2833	0	0.6627	benign	0.3373
2020-01	24	1807	0	0.3224	benign	0.3224
2020-01	25	3269	0	0.3181	benign	0.3181
2020-01	26	3090	0	0.3105	benign	0.3105
2020-01	27	106	1	0.6899	triada	0.3101
2020-01	28	1357	0	0.3097	benign	0.3097
2020-01	29	1320	0	0.3028	benign	0.3028
2020-01	30	359	0	0.2960	benign	0.2960
2020-01	31	2136	0	0.2947	benign	0.2947
2020-01	32	2327	0	0.2889	benign	0.2889
2020-01	33	2426	0	0.2881	benign	0.2881
2020-01	34	36	1	0.7202	triada	0.2798
2020-01	35	330	1	0.7202	triada	0.2798
2020-01	36	3211	0	0.2774	benign	0.2774
2020-01	37	598	0	0.2702	benign	0.2702
2020-01	38	146	1	0.7353	lockscreen	0.2647
2020-01	39	247	1	0.7357	lockscreen	0.2643
2020-01	40	2411	0	0.2561	benign	0.2561
2020-01	41	2733	0	0.2509	benign	0.2509
2020-01	42	1854	0	0.2438	benign	0.2438
2020-01	43	2586	0	0.2387	benign	0.2387
2020-01	44	2712	0	0.2295	benign	0.2295
2020-01	45	2591	0	0.2273	benign	0.2273
2020-01	46	1393	0	0.2236	benign	0.2236
2020-01	47	1942	0	0.2191	benign	0.2191
2020-01	48	107	1	0.7839	execdownload	0.2161
2020-01	49	2625	0	0.2148	benign	0.2148
2020-01	50	1281	0	0.2131	benign	0.2131
2020-01	51	1434	0	0.2116	benign	0.2116
2020-01	52	2664	0	0.2112	benign	0.2112
2020-01	53	1842	0	0.2101	benign	0.2101
2020-01	54	1438	0	0.2061	benign	0.2061
2020-01	55	2749	0	0.2061	benign	0.2061
2020-01	56	132	1	0.2046	syringe	0.2046
2020-01	57	2018	0	0.2011	benign	0.2011
2020-01	58	15	1	0.7993	execdownload	0.2007
2020-01	59	137	1	0.7993	execdownload	0.2007
2020-01	60	297	1	0.8024	lockscreen	0.1976
2020-01	61	208	1	0.8048	virtualapp	0.1952
2020-01	62	3109	0	0.1942	benign	0.1942
2020-01	63	2604	0	0.1902	benign	0.1902
2020-01	64	788	0	0.1887	benign	0.1887
2020-01	65	3085	0	0.1855	benign	0.1855
2020-01	66	2618	0	0.1852	benign	0.1852
2020-01	67	2480	0	0.1820	benign	0.1820
2020-01	68	636	0	0.1783	benign	0.1783
2020-01	69	3196	0	0.1741	benign	0.1741
2020-01	70	2665	0	0.1740	benign	0.1740
2020-01	71	2570	0	0.1707	benign	0.1707
2020-01	72	357	0	0.1695	benign	0.1695
2020-01	73	1662	0	0.1695	benign	0.1695
2020-01	74	2645	0	0.1691	benign	0.1691
2020-01	75	2732	0	0.1691	benign	0.1691
2020-01	76	2888	0	0.1650	benign	0.1650
2020-01	77	2677	0	0.1555	benign	0.1555
2020-01	78	17	1	0.8455	iconhider	0.1545
2020-01	79	1384	0	0.1543	benign	0.1543
2020-01	80	838	0	0.1539	benign	0.1539
2020-01	81	614	0	0.1529	benign	0.1529
2020-01	82	1349	0	0.1525	benign	0.1525
2020-01	83	2138	0	0.1525	benign	0.1525
2020-01	84	1047	0	0.1513	benign	0.1513
2020-01	85	3292	0	0.1434	benign	0.1434
2020-01	86	1247	0	0.1424	benign	0.1424
2020-01	87	714	0	0.1382	benign	0.1382
2020-01	88	1546	0	0.1371	benign	0.1371
2020-01	89	1786	0	0.1357	benign	0.1357
2020-01	90	2	1	0.8649	execdownload	0.1351
2020-01	91	3012	0	0.1233	benign	0.1233
2020-01	92	2909	0	0.1228	benign	0.1228
2020-01	93	1538	0	0.1222	benign	0.1222
2020-01	94	118	1	0.1207	umpay	0.1207
2020-01	95	1555	0	0.1166	benign	0.1166
2020-01	96	950	0	0.1131	benign	0.1131
2020-01	97	2041	0	0.1124	benign	0.1124
2020-01	98	259	1	0.8908	execdownload	0.1092
2020-01	99	301	1	0.8908	execdownload	0.1092
2020-02	0	494	0	0.5449	benign	0.4905
2020-02	1	550	0	0.5449	benign	0.4905
2020-02	2	918	0	0.5449	benign	0.4905
2020-02	3	1254	0	0.5471	benign	0.4905
2020-02	4	1401	0	0.5471	benign	0.4905
2020-02	5	3336	0	0.5471	benign	0.4905
2020-02	6	3716	0	0.5449	benign	0.4905
2020-02	7	4079	0	0.5449	benign	0.4905
2020-02	8	1572	0	0.5519	benign	0.4853
2020-02	9	1417	0	0.4572	benign	0.4684
2020-02	10	66	1	0.6950	adware	0.4671
2020-02	11	203	1	0.6950	adware	0.4671
2020-02	12	272	1	0.6950	adware	0.4671
2020-02	13	313	1	0.6950	adware	0.4671
2020-02	14	337	1	0.6950	adware	0.4671
2020-02	15	877	0	0.7057	benign	0.4647
2020-02	16	950	0	0.0242	benign	0.4535
2020-02	17	118	1	0.7630	clicks	0.4476
2020-02	18	1706	0	0.2139	benign	0.4383
2020-02	19	2497	0	0.3555	benign	0.4274
2020-02	20	3992	0	0.3833	benign	0.4273
2020-02	21	3579	0	0.5204	benign	0.4206
2020-02	22	1379	0	0.4230	benign	0.4095
2020-02	23	216	1	0.6130	virtualapp	0.4039
2020-02	24	347	1	0.6130	virtualapp	0.4039
2020-02	25	363	1	0.6130	virtualapp	0.4039
2020-02	26	3231	0	0.0879	benign	0.4015
2020-02	27	187	1	1.0092	execdownload	0.4001
2020-02	28	3620	0	0.0022	benign	0.3977
2020-02	29	2763	0	0.6925	benign	0.3921
2020-02	30	1872	0	0.3049	benign	0.3892
2020-02	31	3194	0	0.3194	benign	0.3887
2020-02	32	3302	0	0.3194	benign	0.3887
2020-02	33	196	1	1.0278	execdownload	0.3827
2020-02	34	1951	0	0.4307	benign	0.3728
2020-02	35	1010	0	0.0013	benign	0.3648
2020-02	36	3694	0	0.3442	benign	0.3598
2020-02	37	782	0	0.0665	benign	0.3577
2020-02	38	3550	0	0.6173	benign	0.3575
2020-02	39	131	1	0.9407	execdownload	0.3470
2020-02	40	377	1	0.2545	spyware	0.3449
2020-02	41	27	1	0.6697	infosteal	0.3408
2020-02	42	304	1	0.6757	execdownload	0.3401
2020-02	43	2618	0	0.3194	benign	0.3390
2020-02	44	193	1	0.6556	infosteal	0.3388
2020-02	45	3313	0	0.5290	benign	0.3384
2020-02	46	3625	0	0.3056	benign	0.3370
2020-02	47	3705	0	0.4796	benign	0.3365
2020-02	48	380	1	0.7651	infosteal	0.3296
2020-02	49	212	1	0.7400	adware	0.3166
2020-02	50	309	1	0.7400	adware	0.3166
2020-02	51	358	1	0.7400	ewind	0.3166
2020-02	52	3234	0	0.7093	benign	0.3113
2020-02	53	382	1	0.4207	clicks	0.3099
2020-02	54	2050	0	-0.0363	benign	0.2900
2020-02	55	7	1	0.5355	hiddad	0.2872
2020-02	56	9	1	0.5355	hiddad	0.2872
2020-02	57	13	1	0.5355	hiddad	0.2872
2020-02	58	14	1	0.5355	hiddad	0.2872
2020-02	59	21	1	0.5355	hiddad	0.2872
2020-02	60	22	1	0.5355	hiddad	0.2872
2020-02	61	26	1	0.5355	hiddad	0.2872
2020-02	62	28	1	0.5355	hiddad	0.2872
2020-02	63	30	1	0.5355	hiddad	0.2872
2020-02	64	35	1	0.5355	hiddad	0.2872
2020-02	65	38	1	0.5355	hiddad	0.2872
2020-02	66	39	1	0.5355	hiddad	0.2872
2020-02	67	40	1	0.5355	hiddad	0.2872
2020-02	68	41	1	0.5355	hiddad	0.2872
2020-02	69	43	1	0.5355	hiddad	0.2872
2020-02	70	46	1	0.5355	hiddad	0.2872
2020-02	71	56	1	0.5355	hiddad	0.2872
2020-02	72	58	1	0.5355	hiddad	0.2872
2020-02	73	60	1	0.5355	hiddad	0.2872
2020-02	74	65	1	0.5355	hiddad	0.2872
2020-02	75	67	1	0.5355	hiddad	0.2872
2020-02	76	68	1	0.5355	hiddad	0.2872
2020-02	77	70	1	0.5355	hiddad	0.2872
2020-02	78	72	1	0.5355	hiddad	0.2872
2020-02	79	73	1	0.5355	hiddad	0.2872
2020-02	80	75	1	0.5355	hiddad	0.2872
2020-02	81	76	1	0.5355	hiddad	0.2872
2020-02	82	78	1	0.5355	hiddad	0.2872
2020-02	83	79	1	0.5355	hiddad	0.2872
2020-02	84	94	1	0.5355	hiddad	0.2872
2020-02	85	96	1	0.5355	hiddad	0.2872
2020-02	86	98	1	0.5355	hiddad	0.2872
2020-02	87	102	1	0.5355	hiddad	0.2872
2020-02	88	105	1	0.5355	hiddad	0.2872
2020-02	89	111	1	0.5355	hiddad	0.2872
2020-02	90	113	1	0.5355	hiddad	0.2872
2020-02	91	117	1	0.5355	hiddad	0.2872
2020-02	92	119	1	0.5355	hiddad	0.2872
2020-02	93	120	1	0.5355	hiddad	0.2872
2020-02	94	122	1	0.5355	hiddad	0.2872
2020-02	95	127	1	0.5355	hiddad	0.2872
2020-02	96	128	1	0.5355	hiddad	0.2872
2020-02	97	132	1	0.5355	hiddad	0.2872
2020-02	98	133	1	0.5355	hiddad	0.2872
2020-02	99	136	1	0.5355	hiddad	0.2872
2020-03	0	228	1	0.4274	execdownload	0.4964
2020-03	1	530	0	0.2486	benign	0.4938
2020-03	2	2996	0	0.2486	benign	0.4938
2020-03	3	3259	0	0.1314	benign	0.4841
2020-03	4	169	1	0.7669	infosteal	0.4804
2020-03	5	1102	0	0.0906	benign	0.4733
2020-03	6	3630	0	0.4295	benign	0.4702
2020-03	7	251	1	0.9201	infosteal	0.4681
2020-03	8	314	1	0.9226	infosteal	0.4672
2020-03	9	666	0	0.0645	benign	0.4668
2020-03	10	266	1	0.8595	execdownload	0.4649
2020-03	11	708	0	0.2304	benign	0.4648
2020-03	12	2404	0	0.2281	benign	0.4641
2020-03	13	1183	0	0.4305	benign	0.4632
2020-03	14	2018	0	0.4566	benign	0.4598
2020-03	15	2628	0	0.2160	benign	0.4558
2020-03	16	697	0	-0.0058	benign	0.4556
2020-03	17	790	0	0.7739	benign	0.4539
2020-03	18	1011	0	0.7605	benign	0.4442
2020-03	19	604	0	0.3454	benign	0.4405
2020-03	20	3602	0	-0.0383	benign	0.4393
2020-03	21	771	0	0.4881	benign	0.4378
2020-03	22	737	0	0.4788	benign	0.4305
2020-03	23	3202	0	0.0259	benign	0.4291
2020-03	24	85	1	0.4600	hiddad	0.4228
2020-03	25	2549	0	0.2266	benign	0.4216
2020-03	26	297	1	0.7907	smsreg	0.4125
2020-03	27	2191	0	0.1966	benign	0.4117
2020-03	28	1927	0	0.1591	benign	0.4094
2020-03	29	2559	0	0.2012	benign	0.4080
2020-03	30	3520	0	-0.0143	benign	0.4008
2020-03	31	2889	0	0.2692	benign	0.3995
2020-03	32	1781	0	0.2568	benign	0.3963
2020-03	33	2812	0	-0.0003	benign	0.3887
2020-03	34	679	0	0.1080	benign	0.3861
2020-03	35	123	1	0.3941	adware	0.3851
2020-03	36	342	1	0.3941	adware	0.3851
2020-03	37	148	1	0.7830	booster	0.3848
2020-03	38	1272	0	0.1249	benign	0.3845
2020-03	39	3368	0	-0.0071	benign	0.3832
2020-03	40	2957	0	0.1779	benign	0.3813
2020-03	41	1985	0	-0.1078	benign	0.3736
2020-03	42	2904	0	-0.1078	benign	0.3736
2020-03	43	270	1	1.0067	adware	0.3714
2020-03	44	271	1	1.0067	adware	0.3714
2020-03	45	293	1	1.0067	adware	0.3714
2020-03	46	157	1	0.9749	ewind	0.3713
2020-03	47	212	1	0.9749	adware	0.3713
2020-03	48	255	1	0.9749	ewind	0.3713
2020-03	49	265	1	0.9749	adware	0.3713
2020-03	50	1003	0	0.5232	benign	0.3667
2020-03	51	1745	0	0.1012	benign	0.3639
2020-03	52	2306	0	0.2580	benign	0.3637
2020-03	53	3344	0	0.2580	benign	0.3637
2020-03	54	139	1	0.1578	hypay	0.3605
2020-03	55	3283	0	-0.0032	benign	0.3598
2020-03	56	1346	0	-0.0580	benign	0.3576
2020-03	57	318	1	0.8015	infosteal	0.3575
2020-03	58	2460	0	0.0268	benign	0.3562
2020-03	59	718	0	0.0730	benign	0.3553
2020-03	60	34	1	0.4179	virtualapp	0.3491
2020-03	61	42	1	0.4162	virtualapp	0.3491
2020-03	62	230	1	0.8278	infosteal	0.3490
2020-03	63	3093	0	0.0000	benign	0.3474
2020-03	64	743	0	0.0148	benign	0.3413
2020-03	65	375	0	0.5232	benign	0.3412
2020-03	66	841	0	-0.0007	benign	0.3390
2020-03	67	2795	0	0.1024	benign	0.3301
2020-03	68	2900	0	0.1024	benign	0.3301
2020-03	69	478	0	0.0820	benign	0.3268
2020-03	70	2720	0	0.6078	benign	0.3210
2020-03	71	876	0	0.0215	benign	0.3130
2020-03	72	1996	0	0.1865	benign	0.3111
2020-03	73	1462	0	-0.0001	benign	0.3097
2020-03	74	741	0	0.1321	benign	0.3095
2020-03	75	486	0	-0.0629	benign	0.3089
2020-03	76	941	0	-0.0629	benign	0.3089
2020-03	77	2470	0	0.0048	benign	0.3086
2020-03	78	1257	0	0.0005	benign	0.3085
2020-03	79	3109	0	0.3187	benign	0.3056
2020-03	80	2674	0	0.0035	benign	0.3028
2020-03	81	1847	0	0.2653	benign	0.3005
2020-03	82	410	0	0.1745	benign	0.2947
2020-03	83	2181	0	0.1745	benign	0.2947
2020-03	84	1766	0	-0.0218	benign	0.2923
2020-03	85	2163	0	-0.0218	benign	0.2923
2020-03	86	3018	0	0.0951	benign	0.2853
2020-03	87	1151	0	-0.0211	benign	0.2813
2020-03	88	3645	0	0.3717	benign	0.2803
2020-03	89	642	0	0.2980	benign	0.2802
2020-03	90	2462	0	0.0323	benign	0.2765
2020-03	91	1115	0	0.0653	benign	0.2754
2020-03	92	891	0	0.1730	benign	0.2669
2020-03	93	2164	0	0.1730	benign	0.2669
2020-03	94	125	1	0.9208	infosteal	0.2651
2020-03	95	210	1	0.3206	execdownload	0.2635
2020-03	96	2158	0	-0.0874	benign	0.2631
2020-03	97	1311	0	0.6804	benign	0.2614
2020-03	98	1456	0	0.2597	benign	0.2579
2020-03	99	1352	0	0.4737	benign	0.2525
2020-04	0	8	1	0.9428	robtes	0.4892
2020-04	1	2980	0	0.1385	benign	0.4729
2020-04	2	3263	0	0.0001	benign	0.4702
2020-04	3	791	0	0.3190	benign	0.4695
2020-04	4	1656	0	0.3190	benign	0.4695
2020-04	5	909	0	0.1703	benign	0.4675
2020-04	6	3033	0	0.1703	benign	0.4675
2020-04	7	2427	0	0.0280	benign	0.4650
2020-04	8	193	1	0.9944	execdownload	0.4649
2020-04	9	781	0	0.1617	benign	0.4647
2020-04	10	1561	0	0.1617	benign	0.4647
2020-04	11	206	1	0.5038	hiddad	0.4644
2020-04	12	2245	0	0.1524	benign	0.4638
2020-04	13	1619	0	0.3921	benign	0.4582
2020-04	14	1997	0	0.3921	benign	0.4582
2020-04	15	2086	0	0.3921	benign	0.4582
2020-04	16	2291	0	0.2138	benign	0.4487
2020-04	17	1290	0	0.0115	benign	0.4450
2020-04	18	100	1	0.4896	adware	0.4425
2020-04	19	796	0	-0.0054	benign	0.4377
2020-04	20	1158	0	0.0095	benign	0.4279
2020-04	21	28	1	1.0043	hiddad	0.4228
2020-04	22	131	1	0.3624	execdownload	0.4092
2020-04	23	1187	0	0.0520	benign	0.4043
2020-04	24	3184	0	-0.0041	benign	0.4008
2020-04	25	658	0	0.0989	benign	0.3961
2020-04	26	2128	0	0.0989	benign	0.3961
2020-04	27	1516	0	0.0455	benign	0.3951
2020-04	28	2707	0	0.0455	benign	0.3951
2020-04	29	935	0	-0.0220	benign	0.3942
2020-04	30	2530	0	0.1198	benign	0.3941
2020-04	31	322	1	0.8369	lockscreen	0.3917
2020-04	32	2615	0	0.0323	benign	0.3911
2020-04	33	3188	0	0.0323	benign	0.3911
2020-04	34	1022	0	0.2743	benign	0.3864
2020-04	35	2242	0	0.0061	benign	0.3825
2020-04	36	110	1	0.5126	lockscreen	0.3820
2020-04	37	134	1	0.5126	execdownload	0.3820
2020-04	38	2985	0	0.5811	benign	0.3817
2020-04	39	1194	0	0.0072	benign	0.3812
2020-04	40	1517	0	0.2565	benign	0.3787
2020-04	41	2590	0	0.1097	benign	0.3772
2020-04	42	2933	0	0.0378	benign	0.3715
2020-04	43	2263	0	0.0166	benign	0.3700
2020-04	44	2616	0	0.4091	benign	0.3636
2020-04	45	201	1	0.7840	spynote	0.3632
2020-04	46	1263	0	0.0278	benign	0.3494
2020-04	47	2374	0	0.0155	benign	0.3431
2020-04	48	3087	0	0.0155	benign	0.3431
2020-04	49	1030	0	-0.0209	benign	0.3407
2020-04	50	213	1	1.0095	execdownload	0.3401
2020-04	51	1544	0	0.0006	benign	0.3373
2020-04	52	342	0	0.3624	benign	0.3348
2020-04	53	77	1	1.0158	execdownload	0.3323
2020-04	54	2396	0	-0.0058	benign	0.3301
2020-04	55	1425	0	0.1767	benign	0.3260
2020-04	56	1593	0	0.1767	benign	0.3260
2020-04	57	2820	0	0.0211	benign	0.3221
2020-04	58	816	0	0.1929	benign	0.3184
2020-04	59	1407	0	0.6072	benign	0.3121
2020-04	60	518	0	0.0947	benign	0.3105
2020-04	61	22	1	0.5258	execdownload	0.3097
2020-04	62	2864	0	0.4315	benign	0.3095
2020-04	63	2255	0	-0.0575	benign	0.3079
2020-04	64	1806	0	-0.0065	benign	0.3077
2020-04	65	3016	0	-0.0525	benign	0.3050
2020-04	66	2071	0	0.0001	benign	0.3028
2020-04	67	1661	0	-0.0016	benign	0.3008
2020-04	68	1287	0	-0.0611	benign	0.3000
2020-04	69	417	0	0.0253	benign	0.2965
2020-04	70	3121	0	0.1255	benign	0.2942
2020-04	71	2034	0	0.0135	benign	0.2928
2020-04	72	244	1	0.1096	hiddad	0.2919
2020-04	73	1859	0	0.0119	benign	0.2919
2020-04	74	1984	0	0.0146	benign	0.2866
2020-04	75	2057	0	0.0045	benign	0.2831
2020-04	76	1546	0	0.0985	benign	0.2828
2020-04	77	1983	0	0.0985	benign	0.2828
2020-04	78	628	0	0.0164	benign	0.2828
2020-04	79	1428	0	0.1159	benign	0.2787
2020-04	80	1722	0	-0.0045	benign	0.2763
2020-04	81	2032	0	0.5712	benign	0.2748
2020-04	82	1038	0	-0.0019	benign	0.2701
2020-04	83	172	1	0.3425	spyware	0.2680
2020-04	84	2143	0	0.0977	benign	0.2586
2020-04	85	572	0	0.0308	benign	0.2580
2020-04	86	537	0	-0.0417	benign	0.2563
2020-04	87	1894	0	0.2495	benign	0.2525
2020-04	88	2344	0	-0.0067	benign	0.2502
2020-04	89	13	1	0.7190	infosteal	0.2449
2020-04	90	39	1	0.7190	infosteal	0.2449
2020-04	91	54	1	0.7190	infosteal	0.2449
2020-04	92	60	1	0.7190	infosteal	0.2449
2020-04	93	73	1	0.7190	infosteal	0.2449
2020-04	94	103	1	0.7190	infosteal	0.2449
2020-04	95	114	1	0.7190	infosteal	0.2449
2020-04	96	132	1	0.7190	infosteal	0.2449
2020-04	97	140	1	0.7190	infosteal	0.2449
2020-04	98	171	1	0.7190	infosteal	0.2449
2020-04	99	177	1	0.7190	infosteal	0.2449
2020-05	0	2177	0	0.1406	benign	0.4949
2020-05	1	353	1	0.4985	hiddad	0.4933
2020-05	2	2115	0	0.0715	benign	0.4815
2020-05	3	285	1	0.6069	infosteal	0.4742
2020-05	4	2468	0	0.1567	benign	0.4716
2020-05	5	3142	0	-0.0541	benign	0.4614
2020-05	6	2689	0	0.4536	benign	0.4583
2020-05	7	13	1	0.4871	infosteal	0.4549
2020-05	8	2923	0	0.0128	benign	0.4523
2020-05	9	3465	0	0.1785	benign	0.4426
2020-05	10	9	1	0.4793	mobby	0.4343
2020-05	11	12	1	0.4793	adware	0.4343
2020-05	12	19	1	0.4793	ewind	0.4343
2020-05	13	20	1	0.4793	mobby	0.4343
2020-05	14	27	1	0.4793	adware	0.4343
2020-05	15	28	1	0.4793	ewind	0.4343
2020-05	16	31	1	0.4793	adware	0.4343
2020-05	17	32	1	0.4793	adware	0.4343
2020-05	18	33	1	0.4793	adware	0.4343
2020-05	19	37	1	0.4793	adware	0.4343
2020-05	20	38	1	0.4793	mobby	0.4343
2020-05	21	39	1	0.4793	adware	0.4343
2020-05	22	44	1	0.4793	adware	0.4343
2020-05	23	47	1	0.4793	adware	0.4343
2020-05	24	50	1	0.4793	adware	0.4343
2020-05	25	51	1	0.4793	adware	0.4343
2020-05	26	56	1	0.4793	adware	0.4343
2020-05	27	59	1	0.4793	mobby	0.4343
2020-05	28	63	1	0.4793	mobby	0.4343
2020-05	29	69	1	0.4793	ewind	0.4343
2020-05	30	73	1	0.4793	adware	0.4343
2020-05	31	75	1	0.4793	mobby	0.4343
2020-05	32	81	1	0.4793	adware	0.4343
2020-05	33	82	1	0.4793	adware	0.4343
2020-05	34	85	1	0.4793	adware	0.4343
2020-05	35	86	1	0.4793	mobby	0.4343
2020-05	36	88	1	0.4793	adware	0.4343
2020-05	37	93	1	0.4793	mobby	0.4343
2020-05	38	94	1	0.4793	adware	0.4343
2020-05	39	99	1	0.4793	adware	0.4343
2020-05	40	102	1	0.4793	ewind	0.4343
2020-05	41	106	1	0.4793	adware	0.4343
2020-05	42	113	1	0.4793	adware	0.4343
2020-05	43	116	1	0.4793	mobby	0.4343
2020-05	44	133	1	0.4793	adware	0.4343
2020-05	45	137	1	0.4793	adware	0.4343
2020-05	46	138	1	0.4793	adware	0.4343
2020-05	47	140	1	0.4793	mobby	0.4343
2020-05	48	143	1	0.4793	adware	0.4343
2020-05	49	146	1	0.4793	adware	0.4343
2020-05	50	161	1	0.4793	adware	0.4343
2020-05	51	163	1	0.4793	adware	0.4343
2020-05	52	172	1	0.4793	adware	0.4343
2020-05	53	175	1	0.4793	adware	0.4343
2020-05	54	177	1	0.4793	adware	0.4343
2020-05	55	178	1	0.4793	adware	0.4343
2020-05	56	179	1	0.4793	adware	0.4343
2020-05	57	184	1	0.4793	mobby	0.4343
2020-05	58	195	1	0.4793	mobby	0.4343
2020-05	59	199	1	0.4793	adware	0.4343
2020-05	60	211	1	0.4793	adware	0.4343
2020-05	61	217	1	0.4793	ewind	0.4343
2020-05	62	219	1	0.4793	mobby	0.4343
2020-05	63	221	1	0.4793	adware	0.4343
2020-05	64	231	1	0.4793	adware	0.4343
2020-05	65	233	1	0.4793	adware	0.4343
2020-05	66	234	1	0.4793	adware	0.4343
2020-05	67	238	1	0.4793	mobby	0.4343
2020-05	68	243	1	0.4793	adware	0.4343
2020-05	69	250	1	0.4793	ewind	0.4343
2020-05	70	265	1	0.4793	adware	0.4343
2020-05	71	278	1	0.4793	mobby	0.4343
2020-05	72	292	1	0.4793	mobby	0.4343
2020-05	73	295	1	0.4793	mobby	0.4343
2020-05	74	302	1	0.4793	adware	0.4343
2020-05	75	303	1	0.4793	adware	0.4343
2020-05	76	307	1	0.4793	adware	0.4343
2020-05	77	317	1	0.4793	adware	0.4343
2020-05	78	325	1	0.4793	mobby	0.4343
2020-05	79	328	1	0.4793	mobby	0.4343
2020-05	80	334	1	0.4793	adware	0.4343
2020-05	81	342	1	0.4793	adware	0.4343
2020-05	82	345	1	0.4793	adware	0.4343
2020-05	83	355	1	0.4793	adware	0.4343
2020-05	84	356	1	0.4793	mobby	0.4343
2020-05	85	357	1	0.4793	adware	0.4343
2020-05	86	360	1	0.4793	adware	0.4343
2020-05	87	363	1	0.4793	adware	0.4343
2020-05	88	375	1	0.4793	mobby	0.4343
2020-05	89	377	1	0.4793	mobby	0.4343
2020-05	90	378	1	0.4793	adware	0.4343
2020-05	91	387	1	0.4793	adware	0.4343
2020-05	92	388	1	0.4793	mobby	0.4343
2020-05	93	460	0	0.0575	benign	0.4338
2020-05	94	2680	0	0.4835	benign	0.4289
2020-05	95	1303	0	0.0067	benign	0.4279
2020-05	96	2564	0	0.0067	benign	0.4279
2020-05	97	769	0	-0.0077	benign	0.4273
2020-05	98	3085	0	0.7733	benign	0.4259
2020-05	99	117	1	0.1099	infosteal	0.4257
2020-06	0	76	1	-0.0119	teddad	0.4983
2020-06	1	54	1	1.0308	infosteal	0.4979
2020-06	2	1345	0	-0.0018	benign	0.4974
2020-06	3	1579	0	-0.0018	benign	0.4974
2020-06	4	56	1	0.8780	infosteal	0.4937
2020-06	5	719	0	0.1615	benign	0.4897
2020-06	6	1061	0	0.0064	benign	0.4863
2020-06	7	177	1	1.0443	hqwar	0.4755
2020-06	8	180	1	1.0443	hqwar	0.4755
2020-06	9	1503	0	0.4820	benign	0.4699
2020-06	10	1600	0	0.4820	benign	0.4699
2020-06	11	45	1	0.9871	adware	0.4672
2020-06	12	178	1	0.9871	adware	0.4672
2020-06	13	107	1	1.0546	execdownload	0.4649
2020-06	14	165	1	0.2103	execdownload	0.4647
2020-06	15	672	0	0.0272	benign	0.4618
2020-06	16	14	1	0.9344	execdownload	0.4583
2020-06	17	82	1	0.4749	hqwar	0.4564
2020-06	18	15	1	1.0293	infosteal	0.4556
2020-06	19	154	1	0.8680	hqwar	0.4499
2020-06	20	115	1	0.0206	hiddad	0.4471
2020-06	21	226	0	0.5263	benign	0.4360
2020-06	22	942	0	0.1458	benign	0.4334
2020-06	23	94	1	0.9579	execdownload	0.4297
2020-06	24	738	0	0.5340	benign	0.4290
2020-06	25	48	1	1.0354	execdownload	0.4240
2020-06	26	175	1	1.0354	execdownload	0.4240
2020-06	27	1486	0	-0.0278	benign	0.4206
2020-06	28	7	1	0.8878	infosteal	0.4140
2020-06	29	186	1	0.1787	infosteal	0.3968
2020-06	30	196	1	0.1787	infosteal	0.3968
2020-06	31	27	1	1.0020	ransomware	0.3851
2020-06	32	113	1	1.0046	execdownload	0.3820
2020-06	33	1616	0	-0.0284	benign	0.3786
2020-06	34	84	1	1.0241	execdownload	0.3750
2020-06	35	1025	0	-0.0061	benign	0.3732
2020-06	36	687	0	0.0825	benign	0.3700
2020-06	37	51	1	0.2256	execdownload	0.3664
2020-06	38	240	0	0.5172	benign	0.3641
2020-06	39	1054	0	0.5172	benign	0.3641
2020-06	40	1059	0	0.0571	benign	0.3556
2020-06	41	194	1	0.8905	infosteal	0.3506
2020-06	42	53	1	0.9902	infosteal	0.3416
2020-06	43	502	0	0.0879	benign	0.3366
2020-06	44	1333	0	0.6743	benign	0.3349
2020-06	45	13	1	0.1077	execdownload	0.3289
2020-06	46	25	1	0.0271	jocker	0.3228
2020-06	47	1502	0	0.0087	benign	0.3152
2020-06	48	58	1	0.0468	boogr	0.3151
2020-06	49	80	1	0.0468	boogr	0.3151
2020-06	50	1351	0	-0.0040	benign	0.3052
2020-06	51	1014	0	0.0132	benign	0.3030
2020-06	52	1065	0	0.0020	benign	0.3028
2020-06	53	1680	0	0.0020	benign	0.3028
2020-06	54	821	0	0.0092	benign	0.2942
2020-06	55	311	0	0.0177	benign	0.2888
2020-06	56	1867	0	0.0310	benign	0.2881
2020-06	57	923	0	-0.0319	benign	0.2853
2020-06	58	1802	0	-0.0218	benign	0.2767
2020-06	59	563	0	-0.0875	benign	0.2760
2020-06	60	595	0	-0.0015	benign	0.2749
2020-06	61	663	0	0.0674	benign	0.2728
2020-06	62	1532	0	-0.0846	benign	0.2655
2020-06	63	1165	0	0.1516	benign	0.2629
2020-06	64	757	0	-0.0056	benign	0.2616
2020-06	65	1531	0	-0.0056	benign	0.2616
2020-06	66	47	1	0.0309	jocker	0.2608
2020-06	67	1679	0	0.1606	benign	0.2504
2020-06	68	128	1	0.0363	infosteal	0.2471
2020-06	69	183	1	0.5918	infosteal	0.2456
2020-06	70	388	0	0.0153	benign	0.2453
2020-06	71	1272	0	0.2115	benign	0.2437
2020-06	72	329	0	-0.0026	benign	0.2346
2020-06	73	409	0	-0.0026	benign	0.2346
2020-06	74	518	0	-0.0026	benign	0.2346
2020-06	75	627	0	-0.0026	benign	0.2346
2020-06	76	1109	0	-0.0026	benign	0.2346
2020-06	77	1203	0	-0.0026	benign	0.2346
2020-06	78	1269	0	-0.0026	benign	0.2346
2020-06	79	1314	0	-0.0026	benign	0.2346
2020-06	80	1332	0	-0.0026	benign	0.2346
2020-06	81	1400	0	-0.0026	benign	0.2346
2020-06	82	1767	0	-0.0026	benign	0.2346
2020-06	83	1863	0	-0.0026	benign	0.2346
2020-06	84	237	0	-0.0031	benign	0.2342
2020-06	85	265	0	-0.0031	benign	0.2342
2020-06	86	352	0	-0.0031	benign	0.2342
2020-06	87	403	0	-0.0031	benign	0.2342
2020-06	88	489	0	-0.0031	benign	0.2342
2020-06	89	674	0	-0.0031	benign	0.2342
2020-06	90	741	0	-0.0031	benign	0.2342
2020-06	91	747	0	-0.0031	benign	0.2342
2020-06	92	762	0	-0.0031	benign	0.2342
2020-06	93	784	0	-0.0031	benign	0.2342
2020-06	94	1005	0	-0.0031	benign	0.2342
2020-06	95	1086	0	-0.0031	benign	0.2342
2020-06	96	1350	0	-0.0031	benign	0.2342
2020-06	97	1484	0	-0.0031	benign	0.2342
2020-06	98	1567	0	-0.0031	benign	0.2342
2020-06	99	1596	0	-0.0031	benign	0.2342
2020-07	0	124	1	0.9655	execdownload	0.4990
2020-07	1	3552	0	0.0684	benign	0.4989
2020-07	2	1426	0	0.0013	benign	0.4974
2020-07	3	4792	0	0.0013	benign	0.4974
2020-07	4	563	0	0.0380	benign	0.4959
2020-07	5	4513	0	0.0380	benign	0.4959
2020-07	6	4795	0	0.0380	benign	0.4959
2020-07	7	1603	0	0.0204	benign	0.4929
2020-07	8	4246	0	0.0204	benign	0.4929
2020-07	9	1638	0	-0.0065	benign	0.4920
2020-07	10	1752	0	-0.0005	benign	0.4897
2020-07	11	2493	0	0.0074	benign	0.4832
2020-07	12	3702	0	0.0053	benign	0.4699
2020-07	13	961	0	0.0014	benign	0.4638
2020-07	14	2294	0	0.0014	benign	0.4638
2020-07	15	4003	0	0.0014	benign	0.4638
2020-07	16	434	1	0.0285	infosteal	0.4500
2020-07	17	1107	0	0.5591	benign	0.4316
2020-07	18	4492	0	0.7322	benign	0.4274
2020-07	19	3926	0	-0.0177	benign	0.4152
2020-07	20	11	1	0.0087	adware	0.4091
2020-07	21	55	1	0.0087	adware	0.4091
2020-07	22	57	1	0.0087	adware	0.4091
2020-07	23	58	1	0.0087	ewind	0.4091
2020-07	24	62	1	0.0087	adware	0.4091
2020-07	25	64	1	0.0087	adware	0.4091
2020-07	26	80	1	0.0087	adware	0.4091
2020-07	27	84	1	0.0087	adware	0.4091
2020-07	28	127	1	0.0087	ewind	0.4091
2020-07	29	155	1	0.0087	adware	0.4091
2020-07	30	163	1	0.0087	adware	0.4091
2020-07	31	173	1	0.0087	adware	0.4091
2020-07	32	177	1	0.0087	adware	0.4091
2020-07	33	180	1	0.0087	adware	0.4091
2020-07	34	192	1	0.0087	adware	0.4091
2020-07	35	194	1	0.0087	adware	0.4091
2020-07	36	196	1	0.0087	adware	0.4091
2020-07	37	199	1	0.0087	adware	0.4091
2020-07	38	204	1	0.0087	adware	0.4091
2020-07	39	250	1	0.0087	adware	0.4091
2020-07	40	275	1	0.0087	adware	0.4091
2020-07	41	286	1	0.0087	adware	0.4091
2020-07	42	311	1	0.0087	adware	0.4091
2020-07	43	317	1	0.0087	adware	0.4091
2020-07	44	322	1	0.0087	adware	0.4091
2020-07	45	329	1	0.0087	adware	0.4091
2020-07	46	334	1	0.0087	adware	0.4091
2020-07	47	348	1	0.0087	adware	0.4091
2020-07	48	358	1	0.0087	adware	0.4091
2020-07	49	365	1	0.0087	adware	0.4091
2020-07	50	366	1	0.0087	adware	0.4091
2020-07	51	388	1	0.0087	adware	0.4091
2020-07	52	393	1	0.0087	adware	0.4091
2020-07	53	395	1	0.0087	adware	0.4091
2020-07	54	411	1	0.0087	adware	0.4091
2020-07	55	413	1	0.0087	adware	0.4091
2020-07	56	419	1	0.0087	adware	0.4091
2020-07	57	455	1	0.0087	ewind	0.4091
2020-07	58	457	1	0.0087	adware	0.4091
2020-07	59	464	1	0.0087	adware	0.4091
2020-07	60	478	1	0.0087	adware	0.4091
2020-07	61	479	1	0.0087	adware	0.4091
2020-07	62	97	1	1.0288	hiddenads	0.4075
2020-07	63	2695	0	-0.0192	benign	0.3995
2020-07	64	3011	0	0.0650	benign	0.3989
2020-07	65	4558	0	0.1988	benign	0.3988
2020-07	66	1159	0	0.0240	benign	0.3961
2020-07	67	2207	0	0.0322	benign	0.3952
2020-07	68	4683	0	0.0322	benign	0.3952
2020-07	69	3219	0	-0.0019	benign	0.3921
2020-07	70	327	1	0.1280	adware	0.3884
2020-07	71	226	1	0.9238	infosteal	0.3839
2020-07	72	3654	0	0.7512	benign	0.3821
2020-07	73	438	1	0.2902	wapron	0.3819
2020-07	74	1376	0	0.2244	benign	0.3764
2020-07	75	2359	0	-0.0073	benign	0.3734
2020-07	76	3564	0	-0.0073	benign	0.3734
2020-07	77	3980	0	-0.0149	benign	0.3734
2020-07	78	2531	0	0.0016	benign	0.3732
2020-07	79	1961	0	-0.0049	benign	0.3729
2020-07	80	2540	0	0.0077	benign	0.3678
2020-07	81	3949	0	0.3945	benign	0.3612
2020-07	82	1733	0	0.0198	benign	0.3504
2020-07	83	3698	0	-0.0077	benign	0.3498
2020-07	84	661	0	-0.0012	benign	0.3409
2020-07	85	3572	0	-0.0012	benign	0.3409
2020-07	86	804	0	0.0036	benign	0.3370
2020-07	87	1100	0	0.0048	benign	0.3366
2020-07	88	1683	0	0.0265	benign	0.3224
2020-07	89	727	0	0.0237	benign	0.3214
2020-07	90	3378	0	0.2726	benign	0.3203
2020-07	91	4319	0	0.0163	benign	0.3129
2020-07	92	554	0	-0.1137	benign	0.3118
2020-07	93	4678	0	0.0137	benign	0.3058
2020-07	94	2289	0	0.1558	benign	0.3034
2020-07	95	2764	0	0.1354	benign	0.3000
2020-07	96	2293	0	0.1205	benign	0.2947
2020-07	97	2139	0	-0.0025	benign	0.2840
2020-07	98	1614	0	0.0205	benign	0.2838
2020-07	99	4808	0	-0.0069	benign	0.2765
2020-08	0	2492	0	-0.0032	benign	0.4974
2020-08	1	1578	0	-0.0101	benign	0.4929
2020-08	2	2471	0	0.0182	benign	0.4832
2020-08	3	3	1	1.0354	adware	0.4672
2020-08	4	11	1	1.0354	adware	0.4672
2020-08	5	21	1	1.0354	adware	0.4672
2020-08	6	25	1	1.0354	adware	0.4672
2020-08	7	35	1	1.0354	adware	0.4672
2020-08	8	38	1	1.0354	adware	0.4672
2020-08	9	46	1	1.0354	adware	0.4672
2020-08	10	49	1	1.0354	adware	0.4672
2020-08	11	56	1	1.0354	adware	0.4672
2020-08	12	70	1	1.0354	adware	0.4672
2020-08	13	82	1	1.0354	adware	0.4672
2020-08	14	85	1	1.0354	adware	0.4672
2020-08	15	86	1	1.0354	adware	0.4672
2020-08	16	89	1	1.0354	adware	0.4672
2020-08	17	90	1	1.0354	adware	0.4672
2020-08	18	91	1	1.0354	adware	0.4672
2020-08	19	95	1	1.0354	adware	0.4672
2020-08	20	103	1	1.0354	adware	0.4672
2020-08	21	104	1	1.0354	adware	0.4672
2020-08	22	120	1	1.0354	adware	0.4672
2020-08	23	128	1	1.0354	adware	0.4672
2020-08	24	134	1	1.0354	adware	0.4672
2020-08	25	145	1	1.0354	adware	0.4672
2020-08	26	147	1	1.0354	adware	0.4672
2020-08	27	148	1	1.0354	mobby	0.4672
2020-08	28	154	1	1.0354	adware	0.4672
2020-08	29	157	1	1.0354	adware	0.4672
2020-08	30	159	1	1.0354	adware	0.4672
2020-08	31	163	1	1.0354	adware	0.4672
2020-08	32	166	1	1.0354	adware	0.4672
2020-08	33	175	1	1.0354	adware	0.4672
2020-08	34	180	1	1.0354	adware	0.4672
2020-08	35	183	1	1.0354	adware	0.4672
2020-08	36	200	1	1.0354	adware	0.4672
2020-08	37	206	1	1.0354	adware	0.4672
2020-08	38	213	1	1.0354	adware	0.4672
2020-08	39	217	1	1.0354	adware	0.4672
2020-08	40	218	1	1.0354	adware	0.4672
2020-08	41	221	1	1.0354	adware	0.4672
2020-08	42	227	1	1.0354	adware	0.4672
2020-08	43	228	1	1.0354	adware	0.4672
2020-08	44	231	1	1.0354	adware	0.4672
2020-08	45	232	1	1.0354	adware	0.4672
2020-08	46	233	1	1.0354	adware	0.4672
2020-08	47	234	1	1.0354	adware	0.4672
2020-08	48	235	1	1.0354	adware	0.4672
2020-08	49	237	1	1.0354	adware	0.4672
2020-08	50	239	1	1.0354	adware	0.4672
2020-08	51	241	1	1.0354	adware	0.4672
2020-08	52	245	1	1.0354	adware	0.4672
2020-08	53	247	1	1.0354	adware	0.4672
2020-08	54	250	1	1.0354	adware	0.4672
2020-08	55	260	1	1.0354	adware	0.4672
2020-08	56	265	1	1.0354	adware	0.4672
2020-08	57	266	1	1.0354	adware	0.4672
2020-08	58	267	1	1.0354	adware	0.4672
2020-08	59	272	1	1.0354	adware	0.4672
2020-08	60	285	1	1.0354	adware	0.4672
2020-08	61	295	1	1.0354	adware	0.4672
2020-08	62	297	1	1.0354	adware	0.4672
2020-08	63	298	1	1.0354	adware	0.4672
2020-08	64	303	1	1.0354	adware	0.4672
2020-08	65	304	1	1.0354	adware	0.4672
2020-08	66	305	1	1.0354	adware	0.4672
2020-08	67	308	1	1.0354	adware	0.4672
2020-08	68	331	1	1.0354	adware	0.4672
2020-08	69	341	1	1.0354	adware	0.4672
2020-08	70	343	1	1.0354	adware	0.4672
2020-08	71	344	1	1.0354	adware	0.4672
2020-08	72	357	1	1.0354	adware	0.4672
2020-08	73	358	1	1.0354	adware	0.4672
2020-08	74	361	1	1.0354	adware	0.4672
2020-08	75	370	1	1.0354	adware	0.4672
2020-08	76	373	1	1.0354	adware	0.4672
2020-08	77	374	1	1.0354	adware	0.4672
2020-08	78	376	1	1.0354	adware	0.4672
2020-08	79	377	1	1.0354	adware	0.4672
2020-08	80	382	1	1.0354	adware	0.4672
2020-08	81	383	1	1.0354	adware	0.4672
2020-08	82	401	1	1.0354	adware	0.4672
2020-08	83	405	1	1.0354	adware	0.4672
2020-08	84	419	1	1.0354	adware	0.4672
2020-08	85	423	1	1.0354	adware	0.4672
2020-08	86	430	1	1.0354	ewind	0.4672
2020-08	87	432	1	1.0354	adware	0.4672
2020-08	88	438	1	1.0354	adware	0.4672
2020-08	89	440	1	1.0354	adware	0.4672
2020-08	90	450	1	1.0354	adware	0.4672
2020-08	91	460	1	1.0354	adware	0.4672
2020-08	92	471	1	1.0354	adware	0.4672
2020-08	93	472	1	1.0354	adware	0.4672
2020-08	94	487	1	1.0354	adware	0.4672
2020-08	95	1498	0	0.0052	benign	0.4664
2020-08	96	1715	0	0.0052	benign	0.4664
2020-08	97	2128	0	0.0052	benign	0.4657
2020-08	98	1815	0	0.3002	benign	0.4653
2020-08	99	225	1	0.7630	infosteal	0.4507
2020-09	0	7	1	1.0596	execdownload	0.4986
2020-09	1	1138	0	-0.0210	benign	0.4984
2020-09	2	2676	0	-0.0069	benign	0.4926
2020-09	3	423	0	0.0066	benign	0.4850
2020-09	4	874	0	0.2309	benign	0.4738
2020-09	5	19	1	1.0001	adware	0.4672
2020-09	6	70	1	1.0001	adware	0.4672
2020-09	7	132	1	1.0001	ewind	0.4672
2020-09	8	151	1	1.0001	adware	0.4672
2020-09	9	217	1	1.0001	ewind	0.4672
2020-09	10	225	1	1.0001	adware	0.4672
2020-09	11	235	1	1.0001	adware	0.4672
2020-09	12	258	1	1.0001	adware	0.4672
2020-09	13	536	0	0.2619	benign	0.4618
2020-09	14	112	1	0.7873	infosteal	0.4483
2020-09	15	219	1	0.7873	infosteal	0.4483
2020-09	16	262	1	0.7873	infosteal	0.4483
2020-09	17	282	1	0.7873	infosteal	0.4483
2020-09	18	1970	0	0.0302	benign	0.4468
2020-09	19	3	1	1.0015	hiddenads	0.4428
2020-09	20	413	0	0.3782	benign	0.4373
2020-09	21	668	0	0.0011	benign	0.4323
2020-09	22	1774	0	0.0777	benign	0.4269
2020-09	23	2393	0	0.4322	benign	0.4127
2020-09	24	2564	0	0.1987	benign	0.4008
2020-09	25	586	0	0.0446	benign	0.4007
2020-09	26	2236	0	0.2932	benign	0.3988
2020-09	27	1922	0	0.1405	benign	0.3926
2020-09	28	223	1	0.2335	mobidash	0.3741
2020-09	29	275	1	0.2335	mobidash	0.3741
2020-09	30	452	0	0.3054	benign	0.3585
2020-09	31	2453	0	0.0087	benign	0.3580
2020-09	32	2011	0	-0.0184	benign	0.3577
2020-09	33	810	0	0.0713	benign	0.3548
2020-09	34	2213	0	0.0673	benign	0.3524
2020-09	35	352	0	-0.0062	benign	0.3438
2020-09	36	98	1	1.1196	execdownload	0.3391
2020-09	37	1263	0	0.0001	benign	0.3373
2020-09	38	1321	0	0.5162	benign	0.3328
2020-09	39	2019	0	0.0773	benign	0.3204
2020-09	40	188	1	0.2631	mcalprotect	0.3202
2020-09	41	238	1	0.2559	mcalprotect	0.3193
2020-09	42	555	0	0.0909	benign	0.3187
2020-09	43	165	1	0.9505	infosteal	0.3180
2020-09	44	2003	0	-0.0042	benign	0.3149
2020-09	45	1109	0	-0.0042	benign	0.3147
2020-09	46	2413	0	0.0616	benign	0.3126
2020-09	47	1659	0	0.0624	benign	0.3089
2020-09	48	1870	0	-0.0013	benign	0.3083
2020-09	49	1714	0	-0.0070	benign	0.3054
2020-09	50	200	1	0.3128	execdownload	0.3048
2020-09	51	153	1	0.1852	resharer	0.3034
2020-09	52	1980	0	-0.0191	benign	0.3033
2020-09	53	340	0	0.7779	benign	0.3028
2020-09	54	155	1	0.2164	rogueware	0.2980
2020-09	55	230	1	0.2164	rogueware	0.2980
2020-09	56	394	0	-0.0125	benign	0.2932
2020-09	57	211	1	0.9880	execdownload	0.2913
2020-09	58	232	1	0.9259	infosteal	0.2660
2020-09	59	15	1	0.9550	execdownload	0.2607
2020-09	60	580	0	0.0827	benign	0.2573
2020-09	61	1995	0	0.0956	benign	0.2541
2020-09	62	795	0	0.0491	benign	0.2477
2020-09	63	166	1	0.8295	hqwar	0.2412
2020-09	64	16	1	0.8299	infosteal	0.2386
2020-09	65	2054	0	0.6666	benign	0.2331
2020-09	66	2611	0	0.0000	benign	0.2304
2020-09	67	1526	0	0.0791	benign	0.2272
2020-09	68	44	1	0.3357	hqwar	0.2181
2020-09	69	2439	0	0.2048	benign	0.2116
2020-09	70	121	1	0.1083	mobidash	0.2116
2020-09	71	167	1	0.1083	mobidash	0.2116
2020-09	72	2299	0	-0.0118	benign	0.2096
2020-09	73	2686	0	-0.0118	benign	0.2096
2020-09	74	184	1	-0.0059	joker	0.2093
2020-09	75	1603	0	0.2533	benign	0.2051
2020-09	76	209	1	0.7707	infosteal	0.2050
2020-09	77	1726	0	-0.0442	benign	0.2025
2020-09	78	1319	0	0.0304	benign	0.1975
2020-09	79	1123	0	0.0575	benign	0.1893
2020-09	80	474	0	0.0844	benign	0.1882
2020-09	81	2268	0	0.0844	benign	0.1882
2020-09	82	2206	0	0.0295	benign	0.1855
2020-09	83	364	0	-0.0035	benign	0.1821
2020-09	84	2286	0	0.0086	benign	0.1817
2020-09	85	734	0	0.0439	benign	0.1787
2020-09	86	2606	0	-0.0017	benign	0.1768
2020-09	87	160	1	0.4143	execdownload	0.1742
2020-09	88	1608	0	0.0016	benign	0.1716
2020-09	89	1192	0	-0.0280	benign	0.1681
2020-09	90	205	1	0.9285	hqwar	0.1655
2020-09	91	1632	0	0.2131	benign	0.1653
2020-09	92	924	0	-0.0079	benign	0.1649
2020-09	93	2250	0	-0.0079	benign	0.1649
2020-09	94	431	0	0.2266	benign	0.1631
2020-09	95	1049	0	0.0060	benign	0.1601
2020-09	96	2705	0	-0.0196	benign	0.1581
2020-09	97	176	1	0.0617	jocker	0.1568
2020-09	98	2181	0	0.0523	benign	0.1546
2020-09	99	147	1	0.7185	hiddad	0.1541
2020-10	0	116	1	0.1683	infosteal	0.4935
2020-10	1	127	1	0.1683	execdownload	0.4935
2020-10	2	154	1	0.1683	infosteal	0.4935
2020-10	3	160	1	0.1683	infosteal	0.4935
2020-10	4	0	1	0.1712	execdownload	0.4928
2020-10	5	1	1	0.1712	execdownload	0.4928
2020-10	6	12	1	0.1712	hqwar	0.4928
2020-10	7	21	1	0.1712	execdownload	0.4928
2020-10	8	25	1	0.1712	execdownload	0.4928
2020-10	9	29	1	0.1712	hqwar	0.4928
2020-10	10	31	1	0.1712	execdownload	0.4928
2020-10	11	42	1	0.1712	execdownload	0.4928
2020-10	12	50	1	0.1712	infosteal	0.4928
2020-10	13	52	1	0.1712	execdownload	0.4928
2020-10	14	58	1	0.1712	infosteal	0.4928
2020-10	15	61	1	0.1712	infosteal	0.4928
2020-10	16	62	1	0.1712	hqwar	0.4928
2020-10	17	63	1	0.1712	execdownload	0.4928
2020-10	18	66	1	0.1712	infosteal	0.4928
2020-10	19	68	1	0.1712	execdownload	0.4928
2020-10	20	70	1	0.1712	hqwar	0.4928
2020-10	21	71	1	0.1712	infosteal	0.4928
2020-10	22	80	1	0.1712	infosteal	0.4928
2020-10	23	82	1	0.1712	execdownload	0.4928
2020-10	24	86	1	0.1712	infosteal	0.4928
2020-10	25	95	1	0.1712	infosteal	0.4928
2020-10	26	99	1	0.1712	execdownload	0.4928
2020-10	27	100	1	0.1712	hqwar	0.4928
2020-10	28	111	1	0.1712	hqwar	0.4928
2020-10	29	112	1	0.1712	hqwar	0.4928
2020-10	30	117	1	0.1712	execdownload	0.4928
2020-10	31	120	1	0.1712	hqwar	0.4928
2020-10	32	124	1	0.1712	infosteal	0.4928
2020-10	33	125	1	0.1712	hqwar	0.4928
2020-10	34	133	1	0.1712	infosteal	0.4928
2020-10	35	137	1	0.1712	hqwar	0.4928
2020-10	36	142	1	0.1712	hqwar	0.4928
2020-10	37	143	1	0.1712	execdownload	0.4928
2020-10	38	144	1	0.1712	execdownload	0.4928
2020-10	39	147	1	0.1712	execdownload	0.4928
2020-10	40	150	1	0.1712	hqwar	0.4928
2020-10	41	157	1	0.1712	hqwar	0.4928
2020-10	42	164	1	0.1712	hqwar	0.4928
2020-10	43	167	1	0.1712	infosteal	0.4928
2020-10	44	10	1	0.1711	hqwar	0.4927
2020-10	45	23	1	0.1711	execdownload	0.4927
2020-10	46	38	1	0.1711	hqwar	0.4927
2020-10	47	110	1	0.1711	infosteal	0.4927
2020-10	48	87	1	0.1514	hqwar	0.4906
2020-10	49	15	1	0.1474	infosteal	0.4886
2020-10	50	27	1	0.1474	infosteal	0.4886
2020-10	51	97	1	0.1474	execdownload	0.4886
2020-10	52	94	1	0.7217	adware	0.4794
2020-10	53	128	1	0.8890	execdownload	0.4450
2020-10	54	55	1	0.9349	fakecop	0.4396
2020-10	55	101	1	0.9349	fakecop	0.4396
2020-10	56	114	1	0.9972	execdownload	0.4387
2020-10	57	722	0	0.1153	benign	0.4354
2020-10	58	37	1	0.7923	execdownload	0.4337
2020-10	59	1237	0	0.0427	benign	0.4324
2020-10	60	606	0	-0.0023	benign	0.4194
2020-10	61	91	1	0.2105	boogr	0.4097
2020-10	62	249	0	0.3298	benign	0.4008
2020-10	63	108	1	1.0636	execdownload	0.3949
2020-10	64	1302	0	-0.0001	benign	0.3913
2020-10	65	17	1	0.7444	adware	0.3762
2020-10	66	18	1	0.7444	adware	0.3762
2020-10	67	19	1	0.7444	adware	0.3762
2020-10	68	28	1	0.7444	adware	0.3762
2020-10	69	40	1	0.7444	ewind	0.3762
2020-10	70	46	1	0.7444	ewind	0.3762
2020-10	71	48	1	0.7444	ewind	0.3762
2020-10	72	60	1	0.7444	ewind	0.3762
2020-10	73	65	1	0.7444	adware	0.3762
2020-10	74	74	1	0.7444	adware	0.3762
2020-10	75	77	1	0.7444	adware	0.3762
2020-10	76	81	1	0.7444	adware	0.3762
2020-10	77	88	1	0.7444	ewind	0.3762
2020-10	78	90	1	0.7444	adware	0.3762
2020-10	79	93	1	0.7444	adware	0.3762
2020-10	80	103	1	0.7444	adware	0.3762
2020-10	81	109	1	0.7444	ewind	0.3762
2020-10	82	122	1	0.7444	ewind	0.3762
2020-10	83	123	1	0.7444	ewind	0.3762
2020-10	84	126	1	0.7444	ewind	0.3762
2020-10	85	131	1	0.7444	adware	0.3762
2020-10	86	135	1	0.7444	adware	0.3762
2020-10	87	141	1	0.7444	ewind	0.3762
2020-10	88	151	1	0.7444	adware	0.3762
2020-10	89	153	1	0.7444	adware	0.3762
2020-10	90	161	1	0.7444	ewind	0.3762
2020-10	91	162	1	0.7444	ewind	0.3762
2020-10	92	558	0	0.2227	benign	0.3679
2020-10	93	1123	0	0.4481	benign	0.3676
2020-10	94	1146	0	-0.0216	benign	0.3639
2020-10	95	96	1	0.3899	multiple	0.3637
2020-10	96	79	1	0.8962	execdownload	0.3555
2020-10	97	163	1	0.0777	execdownload	0.3512
2020-10	98	1455	0	0.7098	benign	0.3337
2020-10	99	1396	0	0.3429	benign	0.3335
2020-11	0	100	1	0.6555	execdownload	0.4883
2020-11	1	469	0	0.0353	benign	0.4875
2020-11	2	1206	0	0.0353	benign	0.4875
2020-11	3	992	0	0.4985	benign	0.4861
2020-11	4	849	0	-0.1243	benign	0.4767
2020-11	5	622	0	0.0445	benign	0.4708
2020-11	6	1011	0	0.0379	benign	0.4699
2020-11	7	1119	0	-0.0224	benign	0.4572
2020-11	8	1137	0	0.1406	benign	0.4439
2020-11	9	64	1	1.0650	fakecop	0.4438
2020-11	10	81	1	1.0267	execdownload	0.4405
2020-11	11	23	1	0.4070	infosteal	0.4404
2020-11	12	29	1	1.0046	fakecop	0.4396
2020-11	13	39	1	1.0046	fakecop	0.4396
2020-11	14	71	1	1.0046	fakecop	0.4396
2020-11	15	79	1	1.0046	execdownload	0.4396
2020-11	16	104	1	0.9756	boogr	0.4097
2020-11	17	150	0	-0.0085	benign	0.4037
2020-11	18	471	0	0.0459	benign	0.3974
2020-11	19	386	0	0.0118	benign	0.3760
2020-11	20	852	0	0.6616	benign	0.3592
2020-11	21	1246	0	0.0442	benign	0.3491
2020-11	22	63	1	0.7296	execdownload	0.3380
2020-11	23	883	0	0.0054	benign	0.3342
2020-11	24	217	0	0.0014	benign	0.3335
2020-11	25	687	0	0.0513	benign	0.3187
2020-11	26	775	0	0.0085	benign	0.3089
2020-11	27	912	0	0.2671	benign	0.2991
2020-11	28	578	0	1.1912	benign	0.2988
2020-11	29	1241	0	1.1912	benign	0.2988
2020-11	30	25	1	1.0040	execdownload	0.2913
2020-11	31	46	1	1.0040	execdownload	0.2913
2020-11	32	47	1	1.0040	execdownload	0.2913
2020-11	33	58	1	1.0040	execdownload	0.2913
2020-11	34	60	1	1.0040	execdownload	0.2913
2020-11	35	61	1	1.0040	execdownload	0.2913
2020-11	36	93	1	1.0040	execdownload	0.2913
2020-11	37	120	1	1.0040	execdownload	0.2913
2020-11	38	127	1	1.0040	execdownload	0.2913
2020-11	39	5	1	1.0022	execdownload	0.2884
2020-11	40	19	1	1.0022	execdownload	0.2884
2020-11	41	22	1	1.0022	execdownload	0.2884
2020-11	42	26	1	1.0000	execdownload	0.2884
2020-11	43	28	1	1.0022	execdownload	0.2884
2020-11	44	32	1	1.0000	execdownload	0.2884
2020-11	45	53	1	1.0022	execdownload	0.2884
2020-11	46	68	1	1.0022	execdownload	0.2884
2020-11	47	72	1	1.0000	execdownload	0.2884
2020-11	48	75	1	1.0022	execdownload	0.2884
2020-11	49	76	1	1.0022	execdownload	0.2884
2020-11	50	95	1	1.0000	infosteal	0.2884
2020-11	51	96	1	1.0022	execdownload	0.2884
2020-11	52	98	1	1.0022	execdownload	0.2884
2020-11	53	101	1	1.0022	execdownload	0.2884
2020-11	54	103	1	1.0022	execdownload	0.2884
2020-11	55	109	1	1.0022	execdownload	0.2884
2020-11	56	112	1	1.0022	execdownload	0.2884
2020-11	57	116	1	1.0022	execdownload	0.2884
2020-11	58	126	1	1.0022	execdownload	0.2884
2020-11	59	130	1	1.0022	execdownload	0.2884
2020-11	60	131	1	1.0022	execdownload	0.2884
2020-11	61	902	0	0.0116	benign	0.2873
2020-11	62	226	0	-0.0466	benign	0.2820
2020-11	63	552	0	-0.0466	benign	0.2820
2020-11	64	125	1	0.2483	execdownload	0.2730
2020-11	65	332	0	-0.0396	benign	0.2726
2020-11	66	538	0	0.0484	benign	0.2720
2020-11	67	718	0	0.0484	benign	0.2720
2020-11	68	50	1	0.3042	infosteal	0.2645
2020-11	69	34	1	0.9719	execdownload	0.2635
2020-11	70	56	1	0.7089	execdownload	0.2624
2020-11	71	223	0	0.0208	benign	0.2621
2020-11	72	159	0	0.2082	benign	0.2608
2020-11	73	858	0	0.2082	benign	0.2608
2020-11	74	374	0	-0.0124	benign	0.2592
2020-11	75	797	0	0.0306	benign	0.2569
2020-11	76	158	0	0.0485	benign	0.2553
2020-11	77	861	0	0.0041	benign	0.2452
2020-11	78	853	0	0.1181	benign	0.2367
2020-11	79	428	0	0.0000	benign	0.2342
2020-11	80	16	1	0.4699	infosteal	0.2339
2020-11	81	91	1	0.4699	execdownload	0.2339
2020-11	82	123	1	0.4699	infosteal	0.2339
2020-11	83	1138	0	-0.0105	benign	0.2261
2020-11	84	21	1	0.8533	execdownload	0.2254
2020-11	85	33	1	0.8533	execdownload	0.2254
2020-11	86	42	1	0.9948	infosteal	0.2196
2020-11	87	45	1	0.9948	infosteal	0.2196
2020-11	88	99	1	0.9971	execdownload	0.2196
2020-11	89	119	1	0.9948	infosteal	0.2196
2020-11	90	840	0	0.0254	benign	0.2194
2020-11	91	305	0	0.0672	benign	0.2126
2020-11	92	1168	0	0.0058	benign	0.2099
2020-11	93	15	1	0.3376	execdownload	0.2088
2020-11	94	489	0	-0.0069	benign	0.2083
2020-11	95	171	0	0.1455	benign	0.2040
2020-11	96	1040	0	0.0069	benign	0.2014
2020-11	97	115	1	0.9017	execdownload	0.1998
2020-11	98	725	0	0.1909	benign	0.1994
2020-11	99	106	1	0.1002	infosteal	0.1985
2020-12	0	4	1	0.9817	adware	0.4965
2020-12	1	114	1	0.9817	adware	0.4965
2020-12	2	146	1	0.9817	adware	0.4965
2020-12	3	371	1	1.0551	windows	0.4928
2020-12	4	2197	0	0.1531	benign	0.4785
2020-12	5	2932	0	0.0600	benign	0.4757
2020-12	6	2959	0	0.0087	benign	0.4748
2020-12	7	1761	0	0.0014	benign	0.4727
2020-12	8	291	1	0.9748	spynote	0.4716
2020-12	9	2414	0	0.6265	benign	0.4630
2020-12	10	2316	0	0.1653	benign	0.4568
2020-12	11	802	0	0.0519	benign	0.4505
2020-12	12	3446	0	0.0519	benign	0.4505
2020-12	13	993	0	-0.0064	benign	0.4457
2020-12	14	826	0	0.0031	benign	0.4390
2020-12	15	3474	0	0.0202	benign	0.4388
2020-12	16	1807	0	0.0067	benign	0.4331
2020-12	17	804	0	0.2991	benign	0.4310
2020-12	18	1594	0	-0.0290	benign	0.4161
2020-12	19	1863	0	-0.0052	benign	0.4121
2020-12	20	1695	0	-0.0020	benign	0.4037
2020-12	21	2972	0	-0.0020	benign	0.4037
2020-12	22	808	0	0.0004	benign	0.4035
2020-12	23	914	0	0.0004	benign	0.4035
2020-12	24	2356	0	0.0004	benign	0.4035
2020-12	25	864	0	-0.0016	benign	0.3974
2020-12	26	1381	0	-0.0016	benign	0.3974
2020-12	27	713	0	0.0007	benign	0.3973
2020-12	28	3300	0	0.1849	benign	0.3943
2020-12	29	2263	0	0.5091	benign	0.3941
2020-12	30	1659	0	0.0004	benign	0.3868
2020-12	31	3076	0	0.0034	benign	0.3853
2020-12	32	1622	0	0.1722	benign	0.3834
2020-12	33	3003	0	-0.0036	benign	0.3830
2020-12	34	3442	0	-0.0036	benign	0.3830
2020-12	35	1909	0	0.2725	benign	0.3803
2020-12	36	2285	0	0.0223	benign	0.3744
2020-12	37	1098	0	-0.0496	benign	0.3626
2020-12	38	532	0	0.0254	benign	0.3568
2020-12	39	1888	0	0.0245	benign	0.3474
2020-12	40	2904	0	0.0245	benign	0.3474
2020-12	41	332	1	0.0197	infosteal	0.3442
2020-12	42	683	0	0.4020	benign	0.3415
2020-12	43	1552	0	0.4020	benign	0.3415
2020-12	44	2757	0	0.4020	benign	0.3414
2020-12	45	2730	0	-0.0305	benign	0.3397
2020-12	46	1588	0	0.0005	benign	0.3388
2020-12	47	0	1	0.3478	geinimi	0.3374
2020-12	48	1	1	0.3478	geinimi	0.3374
2020-12	49	2	1	0.3478	geinimi	0.3374
2020-12	50	6	1	0.3478	geinimi	0.3374
2020-12	51	7	1	0.3478	geinimi	0.3374
2020-12	52	8	1	0.3478	geinimi	0.3374
2020-12	53	10	1	0.3478	geinimi	0.3374
2020-12	54	12	1	0.3478	geinimi	0.3374
2020-12	55	16	1	0.3478	geinimi	0.3374
2020-12	56	17	1	0.3478	geinimi	0.3374
2020-12	57	20	1	0.3478	geinimi	0.3374
2020-12	58	21	1	0.3478	geinimi	0.3374
2020-12	59	22	1	0.3478	geinimi	0.3374
2020-12	60	23	1	0.3478	geinimi	0.3374
2020-12	61	24	1	0.3478	geinimi	0.3374
2020-12	62	28	1	0.3478	geinimi	0.3374
2020-12	63	32	1	0.3478	geinimi	0.3374
2020-12	64	33	1	0.3478	geinimi	0.3374
2020-12	65	34	1	0.3478	geinimi	0.3374
2020-12	66	35	1	0.3478	geinimi	0.3374
2020-12	67	36	1	0.3478	geinimi	0.3374
2020-12	68	40	1	0.3478	geinimi	0.3374
2020-12	69	41	1	0.3478	geinimi	0.3374
2020-12	70	43	1	0.3478	geinimi	0.3374
2020-12	71	45	1	0.3478	geinimi	0.3374
2020-12	72	46	1	0.3478	geinimi	0.3374
2020-12	73	47	1	0.3478	geinimi	0.3374
2020-12	74	49	1	0.3478	packed	0.3374
2020-12	75	51	1	0.3478	geinimi	0.3374
2020-12	76	54	1	0.3478	geinimi	0.3374
2020-12	77	55	1	0.3478	geinimi	0.3374
2020-12	78	56	1	0.3478	geinimi	0.3374
2020-12	79	58	1	0.3478	geinimi	0.3374
2020-12	80	60	1	0.3478	geinimi	0.3374
2020-12	81	62	1	0.3478	geinimi	0.3374
2020-12	82	65	1	0.3478	geinimi	0.3374
2020-12	83	66	1	0.3478	geinimi	0.3374
2020-12	84	67	1	0.3478	geinimi	0.3374
2020-12	85	68	1	0.3478	geinimi	0.3374
2020-12	86	69	1	0.3478	geinimi	0.3374
2020-12	87	73	1	0.3478	geinimi	0.3374
2020-12	88	74	1	0.3478	geinimi	0.3374
2020-12	89	77	1	0.3478	geinimi	0.3374
2020-12	90	78	1	0.3478	geinimi	0.3374
2020-12	91	79	1	0.3478	geinimi	0.3374
2020-12	92	80	1	0.3478	geinimi	0.3374
2020-12	93	83	1	0.3478	geinimi	0.3374
2020-12	94	84	1	0.3478	geinimi	0.3374
2020-12	95	85	1	0.3478	geinimi	0.3374
2020-12	96	86	1	0.3478	geinimi	0.3374
2020-12	97	87	1	0.3478	geinimi	0.3374
2020-12	98	90	1	0.3478	geinimi	0.3374
2020-12	99	92	1	0.3478	geinimi	0.3374
2021-01	0	1115	0	-0.0438	benign	0.4896
2021-01	1	1639	0	-0.0172	benign	0.4844
2021-01	2	2208	0	0.4507	benign	0.4730
2021-01	3	1070	0	-0.0001	benign	0.4727
2021-01	4	2006	0	-0.0001	benign	0.4727
2021-01	5	3380	0	0.0316	benign	0.4718
2021-01	6	2531	0	0.0229	benign	0.4716
2021-01	7	3442	0	0.0047	benign	0.4696
2021-01	8	410	1	0.9283	droiddreamlight	0.4589
2021-01	9	430	1	0.9283	droiddreamlight	0.4589
2021-01	10	3504	0	0.0175	benign	0.4589
2021-01	11	1125	0	0.0600	benign	0.4576
2021-01	12	365	1	0.9222	droiddreamlight	0.4550
2021-01	13	1436	0	0.4604	benign	0.4507
2021-01	14	841	0	0.1373	benign	0.4486
2021-01	15	2858	0	0.1373	benign	0.4486
2021-01	16	104	1	0.9916	execdownload	0.4475
2021-01	17	195	1	1.0106	execdownload	0.4450
2021-01	18	1026	0	0.0306	benign	0.4443
2021-01	19	192	1	0.9256	droiddreamlight	0.4409
2021-01	20	907	0	0.0057	benign	0.4310
2021-01	21	176	1	0.2308	execdownload	0.4203
2021-01	22	254	1	1.0026	execdownload	0.4177
2021-01	23	1218	0	0.2059	benign	0.4106
2021-01	24	2543	0	0.3449	benign	0.4082
2021-01	25	3203	0	0.2690	benign	0.4057
2021-01	26	508	0	-0.0019	benign	0.4037
2021-01	27	513	0	-0.0019	benign	0.4037
2021-01	28	1615	0	-0.0019	benign	0.4037
2021-01	29	4004	0	-0.0019	benign	0.4037
2021-01	30	1517	0	-0.0027	benign	0.4035
2021-01	31	1592	0	0.6022	benign	0.4033
2021-01	32	3771	0	0.2745	benign	0.4027
2021-01	33	1375	0	0.0043	benign	0.3967
2021-01	34	245	1	0.5052	hiddad	0.3953
2021-01	35	2339	0	0.1077	benign	0.3913
2021-01	36	2943	0	-0.0169	benign	0.3907
2021-01	37	1844	0	0.0001	benign	0.3834
2021-01	38	3973	0	0.0046	benign	0.3830
2021-01	39	575	0	-0.0049	benign	0.3787
2021-01	40	1257	0	-0.0025	benign	0.3780
2021-01	41	2043	0	0.0788	benign	0.3770
2021-01	42	1729	0	0.3283	benign	0.3665
2021-01	43	2443	0	0.1506	benign	0.3617
2021-01	44	2562	0	0.1485	benign	0.3617
2021-01	45	969	0	0.4888	benign	0.3573
2021-01	46	1831	0	0.4888	benign	0.3573
2021-01	47	2171	0	0.0076	benign	0.3571
2021-01	48	261	1	0.5874	spyware	0.3542
2021-01	49	2255	0	0.0568	benign	0.3541
2021-01	50	1737	0	-0.0004	benign	0.3535
2021-01	51	1282	0	-0.0771	benign	0.3521
2021-01	52	2367	0	-0.0003	benign	0.3504
2021-01	53	4067	0	-0.0028	benign	0.3491
2021-01	54	3828	0	0.1528	benign	0.3489
2021-01	55	2986	0	0.4764	benign	0.3387
2021-01	56	1902	0	-0.0005	benign	0.3371
2021-01	57	9	1	0.3044	execdownload	0.3356
2021-01	58	311	1	0.3044	jocker	0.3356
2021-01	59	338	1	0.3044	jocker	0.3356
2021-01	60	347	1	0.3044	jocker	0.3356
2021-01	61	356	1	0.3044	jocker	0.3356
2021-01	62	360	1	0.3044	jocker	0.3356
2021-01	63	422	1	0.3044	jocker	0.3356
2021-01	64	2765	0	0.2883	benign	0.3242
2021-01	65	2658	0	0.0125	benign	0.3233
2021-01	66	2863	0	0.3109	benign	0.3193
2021-01	67	180	1	0.9767	execdownload	0.3182
2021-01	68	3186	0	0.0122	benign	0.3141
2021-01	69	1652	0	0.2213	benign	0.3125
2021-01	70	2566	0	0.2213	benign	0.3125
2021-01	71	2329	0	-0.0025	benign	0.3124
2021-01	72	1713	0	0.0004	benign	0.3121
2021-01	73	857	0	0.0126	benign	0.3114
2021-01	74	3544	0	0.0126	benign	0.3114
2021-01	75	2082	0	0.0122	benign	0.3111
2021-01	76	3551	0	0.0122	benign	0.3111
2021-01	77	1283	0	-0.0220	benign	0.3099
2021-01	78	115	1	1.0135	execdownload	0.3074
2021-01	79	1632	0	-0.0220	benign	0.3024
2021-01	80	2799	0	-0.0220	benign	0.3024
2021-01	81	2846	0	-0.0220	benign	0.3024
2021-01	82	3676	0	-0.0220	benign	0.3024
2021-01	83	2974	0	0.0079	benign	0.2991
2021-01	84	2167	0	0.3878	benign	0.2980
2021-01	85	64	1	0.9743	brata	0.2974
2021-01	86	167	1	0.6443	droiddreamlight	0.2947
2021-01	87	3788	0	0.1781	benign	0.2892
2021-01	88	1014	0	-0.0120	benign	0.2890
2021-01	89	1248	0	-0.0120	benign	0.2890
2021-01	90	1973	0	0.0210	benign	0.2816
2021-01	91	2602	0	0.0239	benign	0.2816
2021-01	92	3059	0	-0.0079	benign	0.2804
2021-01	93	1748	0	0.0417	benign	0.2787
2021-01	94	2086	0	0.0803	benign	0.2783
2021-01	95	4144	0	0.0008	benign	0.2765
2021-01	96	995	0	0.0090	benign	0.2732
2021-01	97	3408	0	0.0975	benign	0.2697
2021-01	98	24	1	1.0000	infosteal	0.2678
2021-01	99	169	1	1.0000	infosteal	0.2678
2021-02	0	35	1	0.2352	infosteal	0.4992
2021-02	1	232	0	0.1079	benign	0.4935
2021-02	2	31	1	0.9785	infosteal	0.4538
2021-02	3	335	0	0.5356	benign	0.4421
2021-02	4	19	1	1.0008	spyware	0.3542
2021-02	5	3	1	0.9991	adware	0.3231
2021-02	6	4	1	0.9991	adware	0.3231
2021-02	7	6	1	0.9991	adware	0.3231
2021-02	8	9	1	0.9991	adware	0.3231
2021-02	9	10	1	0.9991	adware	0.3231
2021-02	10	11	1	0.9991	adware	0.3231
2021-02	11	21	1	0.9991	adware	0.3231
2021-02	12	29	1	0.9991	adware	0.3231
2021-02	13	32	1	0.9991	adware	0.3231
2021-02	14	33	1	0.9991	adware	0.3231
2021-02	15	5	1	0.5880	joker	0.3142
2021-02	16	278	0	0.0187	benign	0.2778
2021-02	17	38	1	0.9867	infosteal	0.2306
2021-02	18	17	1	0.7627	infosteal	0.2256
2021-02	19	24	1	0.2207	spyagent	0.2184
2021-02	20	173	0	0.1662	benign	0.1819
2021-02	21	287	0	0.1366	benign	0.1684
2021-02	22	130	0	0.0001	benign	0.1637
2021-02	23	327	0	0.0001	benign	0.1637
2021-02	24	52	0	-0.0188	benign	0.1621
2021-02	25	154	0	0.0788	benign	0.1618
2021-02	26	188	0	0.0788	benign	0.1618
2021-02	27	226	0	-0.0196	benign	0.1488
2021-02	28	1	1	0.4317	infosteal	0.1478
2021-02	29	7	1	0.4317	infosteal	0.1478
2021-02	30	20	1	0.4317	infosteal	0.1478
2021-02	31	23	1	0.4317	execdownload	0.1478
2021-02	32	28	1	0.4317	execdownload	0.1478
2021-02	33	36	1	0.4324	execdownload	0.1478
2021-02	34	167	0	0.0861	benign	0.1470
2021-02	35	153	0	0.0799	benign	0.1355
2021-02	36	141	0	0.4809	benign	0.1339
2021-02	37	151	0	-0.0100	benign	0.1173
2021-02	38	39	1	0.0758	infosteal	0.0986
2021-02	39	245	0	0.0400	benign	0.0960
2021-02	40	227	0	-0.0215	benign	0.0947
2021-02	41	271	0	0.0176	benign	0.0924
2021-02	42	182	0	-0.0856	benign	0.0918
2021-02	43	14	1	0.0693	execdownload	0.0886
2021-02	44	22	1	0.0693	infosteal	0.0886
2021-02	45	25	1	0.0693	infosteal	0.0886
2021-02	46	37	1	0.0693	infosteal	0.0886
2021-02	47	252	0	0.2475	benign	0.0886
2021-02	48	106	0	0.4865	benign	0.0865
2021-02	49	400	0	0.4865	benign	0.0865
2021-02	50	77	0	-0.0279	benign	0.0854
2021-02	51	312	0	-0.0147	benign	0.0847
2021-02	52	398	0	-0.0542	benign	0.0643
2021-02	53	310	0	-0.0055	benign	0.0622
2021-02	54	228	0	0.0009	benign	0.0590
2021-02	55	219	0	0.0073	benign	0.0512
2021-02	56	175	0	-0.1247	benign	0.0493
2021-02	57	34	1	0.0663	joker	0.0482
2021-02	58	59	0	-0.0174	benign	0.0466
2021-02	59	126	0	-0.0174	benign	0.0466
2021-02	60	128	0	-0.0174	benign	0.0466
2021-02	61	139	0	-0.0174	benign	0.0466
2021-02	62	155	0	-0.0174	benign	0.0466
2021-02	63	221	0	-0.0174	benign	0.0466
2021-02	64	326	0	-0.0174	benign	0.0466
2021-02	65	391	0	-0.0174	benign	0.0466
2021-02	66	371	0	0.0622	benign	0.0433
2021-02	67	265	0	0.0019	benign	0.0405
2021-02	68	62	0	0.0029	benign	0.0404
2021-02	69	321	0	-0.0264	benign	0.0335
2021-02	70	142	0	0.0006	benign	0.0275
2021-02	71	137	0	-0.0058	benign	0.0272
2021-02	72	267	0	0.0134	benign	0.0272
2021-02	73	394	0	0.0013	benign	0.0260
2021-02	74	172	0	-0.0007	benign	0.0258
2021-02	75	249	0	-0.1145	benign	0.0248
2021-02	76	282	0	0.0053	benign	0.0245
2021-02	77	150	0	0.1185	benign	0.0242
2021-02	78	64	0	0.1183	benign	0.0232
2021-02	79	401	0	0.0011	benign	0.0228
2021-02	80	301	0	-0.0119	benign	0.0213
2021-02	81	250	0	0.1204	benign	0.0200
2021-02	82	91	0	0.1186	benign	0.0198
2021-02	83	65	0	0.0509	benign	0.0172
2021-02	84	298	0	0.0509	benign	0.0172
2021-02	85	374	0	0.0509	benign	0.0172
2021-02	86	302	0	0.1523	benign	0.0171
2021-02	87	399	0	0.1231	benign	0.0160
2021-02	88	101	0	0.0056	benign	0.0158
2021-02	89	224	0	-0.0023	benign	0.0157
2021-02	90	229	0	0.0065	benign	0.0151
2021-02	91	274	0	0.0249	benign	0.0142
2021-02	92	67	0	0.0053	benign	0.0141
2021-02	93	194	0	0.0053	benign	0.0141
2021-02	94	283	0	0.0053	benign	0.0141
2021-02	95	328	0	-0.0021	benign	0.0129
2021-02	96	329	0	-0.0006	benign	0.0126
2021-02	97	87	0	0.1151	benign	0.0122
2021-02	98	42	0	0.1256	benign	0.0109
2021-02	99	174	0	0.0392	benign	0.0106
2021-03	0	9	1	0.9887	execdownload	0.4475
2021-03	1	13	1	0.9887	execdownload	0.4475
2021-03	2	56	1	0.9887	execdownload	0.4475
2021-03	3	560	0	0.1909	benign	0.4162
2021-03	4	686	0	0.0126	benign	0.4074
2021-03	5	77	1	0.0465	execdownload	0.4003
2021-03	6	6	1	1.0015	infosteal	0.3984
2021-03	7	394	0	-0.0010	benign	0.3961
2021-03	8	389	0	0.0134	benign	0.3810
2021-03	9	693	0	-0.0031	benign	0.3809
2021-03	10	1061	0	-0.0587	benign	0.3647
2021-03	11	577	0	0.1064	benign	0.3587
2021-03	12	517	0	0.1540	benign	0.3586
2021-03	13	44	1	1.0007	spyware	0.3542
2021-03	14	456	0	0.0188	benign	0.3475
2021-03	15	626	0	0.0016	benign	0.3455
2021-03	16	659	0	0.2284	benign	0.3429
2021-03	17	203	0	0.0004	benign	0.3397
2021-03	18	443	0	-0.0045	benign	0.3372
2021-03	19	2	1	0.2921	adware	0.3325
2021-03	20	3	1	0.2921	adware	0.3325
2021-03	21	5	1	0.2921	adware	0.3325
2021-03	22	11	1	0.2921	adware	0.3325
2021-03	23	14	1	0.2921	adware	0.3325
2021-03	24	20	1	0.2921	adware	0.3325
2021-03	25	23	1	0.2921	adware	0.3325
2021-03	26	26	1	0.2921	adware	0.3325
2021-03	27	29	1	0.2921	adware	0.3325
2021-03	28	31	1	0.2921	adware	0.3325
2021-03	29	32	1	0.2921	adware	0.3325
2021-03	30	33	1	0.2921	mobby	0.3325
2021-03	31	34	1	0.2921	adware	0.3325
2021-03	32	36	1	0.2921	mobby	0.3325
2021-03	33	37	1	0.2921	adware	0.3325
2021-03	34	38	1	0.2921	mobby	0.3325
2021-03	35	43	1	0.2921	adware	0.3325
2021-03	36	49	1	0.2921	adware	0.3325
2021-03	37	51	1	0.2921	adware	0.3325
2021-03	38	55	1	0.2921	ewind	0.3325
2021-03	39	58	1	0.2921	adware	0.3325
2021-03	40	59	1	0.2921	mobby	0.3325
2021-03	41	61	1	0.2921	adware	0.3325
2021-03	42	68	1	0.2921	adware	0.3325
2021-03	43	71	1	0.2921	adware	0.3325
2021-03	44	72	1	0.2921	adware	0.3325
2021-03	45	73	1	0.2921	adware	0.3325
2021-03	46	74	1	0.2921	mobby	0.3325
2021-03	47	75	1	0.2921	adware	0.3325
2021-03	48	80	1	0.2921	mobby	0.3325
2021-03	49	81	1	0.2921	adware	0.3325
2021-03	50	84	1	0.2921	adware	0.3325
2021-03	51	89	1	0.2921	adware	0.3325
2021-03	52	90	1	0.2921	adware	0.3325
2021-03	53	91	1	0.2921	adware	0.3325
2021-03	54	96	1	0.2921	adware	0.3325
2021-03	55	102	1	0.2921	mobby	0.3325
2021-03	56	104	1	0.2921	adware	0.3325
2021-03	57	106	1	0.2921	adware	0.3325
2021-03	58	107	1	0.2921	adware	0.3325
2021-03	59	109	1	0.2921	adware	0.3325
2021-03	60	112	1	0.2921	adware	0.3325
2021-03	61	113	1	0.2921	adware	0.3325
2021-03	62	114	1	0.2921	adware	0.3325
2021-03	63	117	1	0.2921	adware	0.3325
2021-03	64	118	1	0.2921	ewind	0.3325
2021-03	65	122	1	0.2921	adware	0.3325
2021-03	66	125	1	0.2921	adware	0.3325
2021-03	67	669	0	-0.0388	benign	0.3270
2021-03	68	1183	0	0.0532	benign	0.3154
2021-03	69	21	1	0.9560	joker	0.3147
2021-03	70	239	0	0.0020	benign	0.3145
2021-03	71	1019	0	0.0053	benign	0.3127
2021-03	72	364	0	-0.0265	benign	0.3106
2021-03	73	70	1	0.9926	execdownload	0.3051
2021-03	74	79	1	0.9926	execdownload	0.3051
2021-03	75	95	1	0.9926	execdownload	0.3051
2021-03	76	953	0	0.1637	benign	0.3045
2021-03	77	110	1	0.6739	spyware	0.2947
2021-03	78	324	0	0.0398	benign	0.2915
2021-03	79	269	0	-0.0005	benign	0.2860
2021-03	80	600	0	0.0133	benign	0.2818
2021-03	81	0	1	1.0016	execdownload	0.2812
2021-03	82	86	1	1.0016	execdownload	0.2812
2021-03	83	27	1	0.9995	execdownload	0.2809
2021-03	84	28	1	0.9995	execdownload	0.2809
2021-03	85	46	1	0.9995	execdownload	0.2809
2021-03	86	94	1	0.9995	execdownload	0.2809
2021-03	87	100	1	0.9995	execdownload	0.2809
2021-03	88	108	1	0.9995	execdownload	0.2809
2021-03	89	111	1	0.9995	execdownload	0.2809
2021-03	90	116	1	0.9995	execdownload	0.2809
2021-03	91	119	1	0.9995	execdownload	0.2809
2021-03	92	41	1	1.0085	execdownload	0.2803
2021-03	93	54	1	1.0085	execdownload	0.2803
2021-03	94	348	0	0.1317	benign	0.2799
2021-03	95	18	1	0.9986	execdownload	0.2756
2021-03	96	63	1	0.9986	execdownload	0.2756
2021-03	97	82	1	0.9937	execdownload	0.2725
2021-03	98	232	0	0.0263	benign	0.2717
2021-03	99	292	0	0.2630	benign	0.2707
2021-04	0	23	1	0.1487	execdownload	0.4884
2021-04	1	0	1	0.1212	infosteal	0.4786
2021-04	2	13	1	0.1212	infosteal	0.4786
2021-04	3	18	1	0.1212	polph	0.4786
2021-04	4	36	1	0.1212	polph	0.4786
2021-04	5	31	1	0.4902	infosteal	0.4686
2021-04	6	25	1	0.8269	infosteal	0.4618
2021-04	7	68	1	0.8269	infosteal	0.4618
2021-04	8	212	0	0.0102	benign	0.4612
2021-04	9	42	1	0.9922	execdownload	0.4475
2021-04	10	64	1	0.9922	execdownload	0.4475
2021-04	11	72	1	0.9922	execdownload	0.4475
2021-04	12	455	0	0.0565	benign	0.4358
2021-04	13	499	0	0.0099	benign	0.4282
2021-04	14	376	0	0.0218	benign	0.4071
2021-04	15	436	0	0.0026	benign	0.3741
2021-04	16	157	0	-0.0067	benign	0.3498
2021-04	17	248	0	0.0388	benign	0.3364
2021-04	18	3	1	1.0000	adware	0.3325
2021-04	19	4	1	1.0000	adware	0.3325
2021-04	20	14	1	1.0000	adware	0.3325
2021-04	21	15	1	1.0000	adware	0.3325
2021-04	22	28	1	1.0000	adware	0.3325
2021-04	23	35	1	1.0000	adware	0.3325
2021-04	24	37	1	1.0000	adware	0.3325
2021-04	25	39	1	1.0000	adware	0.3325
2021-04	26	45	1	1.0000	adware	0.3325
2021-04	27	46	1	1.0000	adware	0.3325
2021-04	28	47	1	1.0000	adware	0.3325
2021-04	29	53	1	1.0000	adware	0.3325
2021-04	30	58	1	1.0000	adware	0.3325
2021-04	31	507	0	-0.0085	benign	0.3033
2021-04	32	397	0	0.0151	benign	0.2901
2021-04	33	163	0	0.0011	benign	0.2864
2021-04	34	403	0	0.0020	benign	0.2778
2021-04	35	70	1	1.0015	infosteal	0.2648
2021-04	36	21	1	1.0623	execdownload	0.2643
2021-04	37	33	1	1.0623	packed	0.2643
2021-04	38	54	1	1.0623	execdownload	0.2643
2021-04	39	66	1	1.0623	execdownload	0.2643
2021-04	40	61	1	0.0473	resharer	0.2622
2021-04	41	8	1	1.0421	execdownload	0.2390
2021-04	42	435	0	0.0000	benign	0.2342
2021-04	43	59	1	1.0421	execdownload	0.2315
2021-04	44	67	1	1.0421	execdownload	0.2315
2021-04	45	612	0	0.1470	benign	0.2214
2021-04	46	60	1	0.4027	execdownload	0.2213
2021-04	47	550	0	-0.0251	benign	0.2190
2021-04	48	492	0	0.0220	benign	0.2161
2021-04	49	291	0	0.0318	benign	0.2133
2021-04	50	179	0	-0.0080	benign	0.2107
2021-04	51	182	0	0.1683	benign	0.1895
2021-04	52	307	0	0.0868	benign	0.1883
2021-04	53	180	0	0.1025	benign	0.1850
2021-04	54	620	0	0.1089	benign	0.1836
2021-04	55	200	0	-0.0083	benign	0.1833
2021-04	56	22	1	0.1495	polph	0.1770
2021-04	57	24	1	0.1495	polph	0.1770
2021-04	58	236	0	0.0947	benign	0.1732
2021-04	59	425	0	0.0625	benign	0.1669
2021-04	60	198	0	-0.0082	benign	0.1646
2021-04	61	177	0	0.0810	benign	0.1641
2021-04	62	148	0	-0.0107	benign	0.1624
2021-04	63	10	1	0.0054	ibec	0.1563
2021-04	64	7	1	0.2489	joker	0.1253
2021-04	65	26	1	1.0161	packed	0.1241
2021-04	66	57	1	0.7421	smsthief	0.1217
2021-04	67	118	0	0.0416	benign	0.1115
2021-04	68	438	0	0.0477	benign	0.1065
2021-04	69	286	0	0.0012	benign	0.1056
2021-04	70	538	0	0.0723	benign	0.1008
2021-04	71	285	0	-0.0046	benign	0.0999
2021-04	72	116	0	0.1321	benign	0.0981
2021-04	73	484	0	0.8112	benign	0.0954
2021-04	74	325	0	-0.0035	benign	0.0949
2021-04	75	548	0	-0.0035	benign	0.0949
2021-04	76	631	0	-0.0035	benign	0.0949
2021-04	77	449	0	0.0362	benign	0.0943
2021-04	78	20	1	0.1514	infosteal	0.0923
2021-04	79	48	1	1.0076	execdownload	0.0918
2021-04	80	489	0	0.0581	benign	0.0909
2021-04	81	603	0	-0.0053	benign	0.0903
2021-04	82	626	0	-0.0003	benign	0.0882
2021-04	83	691	0	0.2332	benign	0.0846
2021-04	84	134	0	0.0191	benign	0.0841
2021-04	85	328	0	-0.0274	benign	0.0816
2021-04	86	332	0	-0.0112	benign	0.0815
2021-04	87	566	0	-0.0204	benign	0.0784
2021-04	88	76	0	-0.0001	benign	0.0779
2021-04	89	86	0	-0.0001	benign	0.0779
2021-04	90	98	0	-0.0001	benign	0.0779
2021-04	91	164	0	-0.0001	benign	0.0779
2021-04	92	209	0	-0.0001	benign	0.0779
2021-04	93	284	0	-0.0001	benign	0.0779
2021-04	94	391	0	-0.0001	benign	0.0779
2021-04	95	433	0	-0.0001	benign	0.0779
2021-04	96	524	0	-0.0001	benign	0.0779
2021-04	97	637	0	-0.0001	benign	0.0779
2021-04	98	137	0	0.0018	benign	0.0770
2021-04	99	617	0	0.0018	benign	0.0770
2021-05	0	480	0	-0.0124	benign	0.4950
2021-05	1	26	1	1.0187	execdownload	0.4536
2021-05	2	168	0	-0.0295	benign	0.4358
2021-05	3	12	1	0.4546	infosteal	0.3774
2021-05	4	618	0	-0.0009	benign	0.3741
2021-05	5	324	0	0.0017	benign	0.3715
2021-05	6	302	0	0.0009	benign	0.3587
2021-05	7	37	1	0.5080	infosteal	0.3572
2021-05	8	545	0	-0.0076	benign	0.3485
2021-05	9	616	0	-0.0058	benign	0.3035
2021-05	10	447	0	0.0402	benign	0.2927
2021-05	11	17	1	1.0001	joker	0.2846
2021-05	12	401	0	-0.0027	benign	0.2816
2021-05	13	200	0	0.0084	benign	0.2612
2021-05	14	464	0	0.0593	benign	0.2592
2021-05	15	207	0	0.0165	benign	0.2497
2021-05	16	484	0	0.1606	benign	0.2494
2021-05	17	14	1	0.9982	execdownload	0.2390
2021-05	18	194	0	-0.0003	benign	0.2342
2021-05	19	61	1	1.0064	execdownload	0.2315
2021-05	20	624	0	-0.0056	benign	0.1965
2021-05	21	592	0	0.0288	benign	0.1859
2021-05	22	85	0	0.1359	benign	0.1796
2021-05	23	313	0	-0.0062	benign	0.1775
2021-05	24	631	0	0.0385	benign	0.1772
2021-05	25	414	0	0.0008	benign	0.1641
2021-05	26	393	0	-0.0617	benign	0.1546
2021-05	27	333	0	-0.0120	benign	0.1511
2021-05	28	448	0	0.1308	benign	0.1507
2021-05	29	100	0	0.0522	benign	0.1503
2021-05	30	466	0	0.0537	benign	0.1449
2021-05	31	439	0	0.3487	benign	0.1397
2021-05	32	5	1	0.3913	infosteal	0.1388
2021-05	33	632	0	0.2419	benign	0.1383
2021-05	34	93	0	0.0067	benign	0.1361
2021-05	35	190	0	-0.0064	benign	0.1320
2021-05	36	178	0	-0.0300	benign	0.1295
2021-05	37	196	0	-0.0064	benign	0.1281
2021-05	38	6	1	0.1388	infosteal	0.1277
2021-05	39	11	1	0.1388	infosteal	0.1277
2021-05	40	39	1	0.1388	infosteal	0.1277
2021-05	41	586	0	-0.0260	benign	0.1257
2021-05	42	244	0	0.0115	benign	0.1256
2021-05	43	507	0	0.2965	benign	0.1241
2021-05	44	15	1	0.0776	execdownload	0.1211
2021-05	45	16	1	0.0776	infosteal	0.1211
2021-05	46	55	1	0.0776	execdownload	0.1211
2021-05	47	66	1	0.0776	execdownload	0.1211
2021-05	48	395	0	-0.0116	benign	0.1183
2021-05	49	164	0	0.0347	benign	0.1172
2021-05	50	368	0	0.0339	benign	0.1132
2021-05	51	95	0	-0.0242	benign	0.1115
2021-05	52	34	1	0.0387	adware	0.1079
2021-05	53	87	0	0.3268	benign	0.1071
2021-05	54	41	1	0.1410	infosteal	0.1070
2021-05	55	420	0	-0.0006	benign	0.1015
2021-05	56	348	0	-0.0078	benign	0.1006
2021-05	57	31	1	0.9925	execdownload	0.1005
2021-05	58	53	1	0.0307	wroba	0.0994
2021-05	59	13	1	0.1095	execdownload	0.0982
2021-05	60	147	0	0.0246	benign	0.0973
2021-05	61	253	0	0.0009	benign	0.0952
2021-05	62	260	0	0.0009	benign	0.0952
2021-05	63	295	0	0.0009	benign	0.0952
2021-05	64	438	0	0.0009	benign	0.0952
2021-05	65	637	0	0.0009	benign	0.0952
2021-05	66	151	0	0.0012	benign	0.0952
2021-05	67	67	1	0.2877	polph	0.0947
2021-05	68	251	0	-0.0042	benign	0.0947
2021-05	69	56	1	0.2669	twmobo	0.0925
2021-05	70	495	0	-0.0005	benign	0.0902
2021-05	71	378	0	0.0012	benign	0.0886
2021-05	72	279	0	-0.0103	benign	0.0846
2021-05	73	579	0	-0.0103	benign	0.0846
2021-05	74	486	0	-0.0163	benign	0.0841
2021-05	75	136	0	0.0177	benign	0.0831
2021-05	76	98	0	0.0002	benign	0.0784
2021-05	77	118	0	0.0002	benign	0.0784
2021-05	78	187	0	0.0002	benign	0.0784
2021-05	79	209	0	0.0002	benign	0.0784
2021-05	80	217	0	0.0002	benign	0.0784
2021-05	81	219	0	0.0002	benign	0.0784
2021-05	82	229	0	0.0002	benign	0.0784
2021-05	83	233	0	0.0002	benign	0.0784
2021-05	84	322	0	0.0002	benign	0.0784
2021-05	85	488	0	0.0002	benign	0.0784
2021-05	86	501	0	0.0002	benign	0.0784
2021-05	87	505	0	0.0002	benign	0.0784
2021-05	88	509	0	0.0002	benign	0.0784
2021-05	89	533	0	0.0002	benign	0.0784
2021-05	90	572	0	0.0002	benign	0.0784
2021-05	91	578	0	0.0002	benign	0.0784
2021-05	92	433	0	-0.0144	benign	0.0784
2021-05	93	481	0	-0.0160	benign	0.0780
2021-05	94	524	0	-0.0005	benign	0.0775
2021-05	95	526	0	-0.0005	benign	0.0775
2021-05	96	7	1	0.5608	smforw	0.0775
2021-05	97	23	1	0.4123	infosteal	0.0774
2021-05	98	52	1	0.2648	execdownload	0.0773
2021-05	99	59	1	0.2648	infosteal	0.0773
2021-06	0	131	0	-0.0043	benign	0.4688
2021-06	1	26	1	0.9778	infosteal	0.4628
2021-06	2	138	0	0.0043	benign	0.4535
2021-06	3	94	0	0.0161	benign	0.4190
2021-06	4	7	1	0.2572	infosteal	0.3971
2021-06	5	41	1	0.2572	infosteal	0.3971
2021-06	6	20	1	0.9930	droidkungfu	0.3938
2021-06	7	455	0	0.0727	benign	0.3914
2021-06	8	297	0	-0.0014	benign	0.3822
2021-06	9	208	0	0.0269	benign	0.3747
2021-06	10	25	1	0.9867	infosteal	0.3742
2021-06	11	1	1	0.2260	lockscreen	0.3561
2021-06	12	35	1	0.2260	lockscreen	0.3561
2021-06	13	30	1	1.0035	execdownload	0.3409
2021-06	14	37	1	0.9999	adware	0.3325
2021-06	15	247	0	-0.0052	benign	0.3295
2021-06	16	272	0	0.1745	benign	0.2839
2021-06	17	324	0	-0.0030	benign	0.2797
2021-06	18	421	0	-0.0078	benign	0.2791
2021-06	19	288	0	0.5338	benign	0.2590
2021-06	20	3	1	0.9801	execdownload	0.2526
2021-06	21	10	1	1.0087	execdownload	0.2452
2021-06	22	8	1	0.4030	infosteal	0.2267
2021-06	23	423	0	0.1622	benign	0.2215
2021-06	24	38	1	0.0481	joker	0.2204
2021-06	25	211	0	-0.0002	benign	0.1975
2021-06	26	11	1	0.1723	infosteal	0.1944
2021-06	27	23	1	0.1070	execdownload	0.1892
2021-06	28	230	0	-0.0195	benign	0.1799
2021-06	29	147	0	0.0998	benign	0.1787
2021-06	30	34	1	1.0008	execdownload	0.1703
2021-06	31	176	0	0.2559	benign	0.1691
2021-06	32	278	0	0.2559	benign	0.1691
2021-06	33	116	0	0.0112	benign	0.1691
2021-06	34	427	0	-0.0101	benign	0.1619
2021-06	35	398	0	0.0377	benign	0.1538
2021-06	36	52	0	0.2296	benign	0.1505
2021-06	37	449	0	-0.0269	benign	0.1484
2021-06	38	303	0	0.0023	benign	0.1397
2021-06	39	99	0	-0.0011	benign	0.1383
2021-06	40	180	0	-0.0059	benign	0.1295
2021-06	41	221	0	0.0524	benign	0.1291
2021-06	42	241	0	0.0524	benign	0.1291
2021-06	43	266	0	0.0524	benign	0.1291
2021-06	44	317	0	0.0524	benign	0.1291
2021-06	45	364	0	0.0524	benign	0.1291
2021-06	46	448	0	0.0524	benign	0.1291
2021-06	47	0	1	1.0001	infosteal	0.1277
2021-06	48	19	1	1.0001	infosteal	0.1277
2021-06	49	326	0	0.0233	benign	0.1081
2021-06	50	140	0	0.0123	benign	0.1030
2021-06	51	15	1	1.0002	execdownload	0.1005
2021-06	52	417	0	0.0092	benign	0.0995
2021-06	53	195	0	0.0004	benign	0.0952
2021-06	54	301	0	0.0004	benign	0.0952
2021-06	55	69	0	-0.0051	benign	0.0947
2021-06	56	397	0	-0.0051	benign	0.0947
2021-06	57	144	0	0.0196	benign	0.0941
2021-06	58	204	0	0.4371	benign	0.0910
2021-06	59	281	0	0.0299	benign	0.0909
2021-06	60	62	0	-0.0158	benign	0.0860
2021-06	61	408	0	-0.0014	benign	0.0838
2021-06	62	87	0	0.0003	benign	0.0836
2021-06	63	200	0	0.0008	benign	0.0815
2021-06	64	129	0	-0.0000	benign	0.0784
2021-06	65	141	0	-0.0000	benign	0.0784
2021-06	66	167	0	-0.0000	benign	0.0784
2021-06	67	216	0	-0.0000	benign	0.0784
2021-06	68	218	0	-0.0000	benign	0.0784
2021-06	69	333	0	-0.0000	benign	0.0784
2021-06	70	343	0	-0.0000	benign	0.0784
2021-06	71	344	0	-0.0000	benign	0.0784
2021-06	72	447	0	-0.0000	benign	0.0784
2021-06	73	171	0	-0.0075	benign	0.0769
2021-06	74	210	0	-0.0097	benign	0.0754
2021-06	75	60	0	0.0025	benign	0.0677
2021-06	76	4	1	0.1168	infosteal	0.0676
2021-06	77	203	0	-0.0112	benign	0.0641
2021-06	78	16	1	1.0011	execdownload	0.0632
2021-06	79	27	1	1.0011	packed	0.0632
2021-06	80	12	1	-0.0025	triada	0.0603
2021-06	81	40	1	0.0213	infosteal	0.0566
2021-06	82	33	1	0.0167	joker	0.0565
2021-06	83	22	1	0.3225	infosteal	0.0538
2021-06	84	32	1	0.3225	infosteal	0.0538
2021-06	85	379	0	0.0090	benign	0.0538
2021-06	86	29	1	0.0223	infosteal	0.0537
2021-06	87	108	0	0.0568	benign	0.0494
2021-06	88	21	1	-0.0098	joker	0.0478
2021-06	89	329	0	0.0133	benign	0.0476
2021-06	90	341	0	-0.0065	benign	0.0440
2021-06	91	43	1	0.0159	jocker	0.0421
2021-06	92	284	0	0.0034	benign	0.0388
2021-06	93	95	0	0.0656	benign	0.0364
2021-06	94	302	0	0.0288	benign	0.0361
2021-06	95	122	0	0.2654	benign	0.0338
2021-06	96	104	0	-0.0079	benign	0.0331
2021-06	97	188	0	0.0275	benign	0.0307
2021-06	98	360	0	-0.0004	benign	0.0300
2021-06	99	111	0	0.0014	benign	0.0289
2021-07	0	1451	0	0.4354	benign	0.4992
2021-07	1	2470	0	0.0331	benign	0.4614
2021-07	2	2494	0	0.0331	benign	0.4614
2021-07	3	2230	0	0.4476	benign	0.4503
2021-07	4	1515	0	0.0152	benign	0.4494
2021-07	5	204	1	1.0146	execdownload	0.4425
2021-07	6	231	1	1.1464	execdownload	0.4423
2021-07	7	258	1	1.1464	execdownload	0.4423
2021-07	8	1196	0	0.0090	benign	0.4377
2021-07	9	1424	0	0.0090	benign	0.4377
2021-07	10	1543	0	0.0090	benign	0.4377
2021-07	11	1871	0	0.0090	benign	0.4377
2021-07	12	1137	0	-0.0029	benign	0.4368
2021-07	13	1419	0	-0.0142	benign	0.4337
2021-07	14	872	0	-0.0054	benign	0.4209
2021-07	15	878	0	0.1207	benign	0.4193
2021-07	16	2244	0	0.0002	benign	0.3961
2021-07	17	1727	0	0.0106	benign	0.3942
2021-07	18	509	0	-0.0005	benign	0.3870
2021-07	19	725	0	0.0105	benign	0.3864
2021-07	20	1630	0	0.0070	benign	0.3859
2021-07	21	33	1	1.0062	infosteal	0.3744
2021-07	22	633	0	0.0004	benign	0.3741
2021-07	23	2435	0	0.0004	benign	0.3741
2021-07	24	112	1	0.9990	lockscreen	0.3561
2021-07	25	151	1	0.9990	lockscreen	0.3561
2021-07	26	192	1	0.9990	lockscreen	0.3561
2021-07	27	234	1	0.3552	adware	0.3491
2021-07	28	1353	0	-0.0152	benign	0.3470
2021-07	29	632	0	0.0071	benign	0.3345
2021-07	30	2281	0	0.0071	benign	0.3345
2021-07	31	77	1	0.9999	adware	0.3325
2021-07	32	158	1	0.9999	adware	0.3325
2021-07	33	1077	0	0.0573	benign	0.3288
2021-07	34	89	1	1.1823	execdownload	0.3241
2021-07	35	1035	0	0.2132	benign	0.3238
2021-07	36	2479	0	0.4050	benign	0.3234
2021-07	37	1380	0	0.2086	benign	0.3177
2021-07	38	1229	0	0.1888	benign	0.3170
2021-07	39	1019	0	-0.0114	benign	0.3146
2021-07	40	1711	0	0.0587	benign	0.3120
2021-07	41	1056	0	0.1068	benign	0.3109
2021-07	42	2088	0	0.1068	benign	0.3109
2021-07	43	187	1	-0.0029	exploit	0.3072
2021-07	44	319	0	0.0511	benign	0.3050
2021-07	45	122	1	0.4220	infosteal	0.3044
2021-07	46	934	0	0.1690	benign	0.3024
2021-07	47	488	0	0.0361	benign	0.2975
2021-07	48	2464	0	0.2215	benign	0.2922
2021-07	49	938	0	0.0137	benign	0.2881
2021-07	50	1551	0	0.0137	benign	0.2881
2021-07	51	742	0	0.0237	benign	0.2850
2021-07	52	762	0	0.0237	benign	0.2850
2021-07	53	559	0	0.0039	benign	0.2846
2021-07	54	302	0	0.1958	benign	0.2821
2021-07	55	1612	0	0.1958	benign	0.2821
2021-07	56	712	0	-0.0020	benign	0.2778
2021-07	57	2080	0	0.0069	benign	0.2755
2021-07	58	1753	0	0.1825	benign	0.2734
2021-07	59	1934	0	0.1825	benign	0.2734
2021-07	60	1799	0	0.3398	benign	0.2716
2021-07	61	183	1	0.9055	droidkungfu	0.2708
2021-07	62	2293	0	-0.0036	benign	0.2706
2021-07	63	1382	0	0.1738	benign	0.2657
2021-07	64	2084	0	0.1664	benign	0.2651
2021-07	65	1461	0	0.1671	benign	0.2647
2021-07	66	358	0	-0.0003	benign	0.2610
2021-07	67	2138	0	-0.0003	benign	0.2610
2021-07	68	366	0	-0.0040	benign	0.2498
2021-07	69	683	0	0.0019	benign	0.2485
2021-07	70	2164	0	-0.0179	benign	0.2410
2021-07	71	2387	0	0.0401	benign	0.2396
2021-07	72	2129	0	-0.0047	benign	0.2347
2021-07	73	1273	0	-0.0125	benign	0.2264
2021-07	74	720	0	-0.0627	benign	0.2257
2021-07	75	1305	0	0.1276	benign	0.2257
2021-07	76	75	1	0.8385	execdownload	0.2250
2021-07	77	245	1	0.8385	execdownload	0.2250
2021-07	78	508	0	0.0202	benign	0.2248
2021-07	79	535	0	0.1684	benign	0.2248
2021-07	80	1689	0	0.1684	benign	0.2248
2021-07	81	775	0	-0.0126	benign	0.2237
2021-07	82	2136	0	-0.0126	benign	0.2237
2021-07	83	384	0	0.0511	benign	0.2226
2021-07	84	2378	0	-0.0283	benign	0.2225
2021-07	85	608	0	-0.0021	benign	0.2221
2021-07	86	1139	0	-0.0127	benign	0.2182
2021-07	87	1047	0	0.0833	benign	0.2139
2021-07	88	2141	0	0.0833	benign	0.2139
2021-07	89	2347	0	0.0025	benign	0.2136
2021-07	90	337	0	0.0047	benign	0.2123
2021-07	91	1257	0	0.0518	benign	0.2106
2021-07	92	385	0	0.0693	benign	0.2083
2021-07	93	1026	0	0.0111	benign	0.2076
2021-07	94	888	0	-0.0115	benign	0.2060
2021-07	95	1075	0	0.0035	benign	0.2047
2021-07	96	1902	0	0.0035	benign	0.2047
2021-07	97	959	0	0.0793	benign	0.2033
2021-07	98	674	0	-0.0021	benign	0.2031
2021-07	99	2298	0	0.0025	benign	0.2024
2021-08	0	1516	0	0.7991	benign	0.4989
2021-08	1	19	1	0.1964	infosteal	0.4970
2021-08	2	136	1	0.1964	execdownload	0.4970
2021-08	3	165	1	0.1964	execdownload	0.4970
2021-08	4	94	1	0.6306	infosteal	0.4846
2021-08	5	151	1	0.6306	execdownload	0.4846
2021-08	6	145	1	0.7144	infosteal	0.4841
2021-08	7	167	1	0.6317	infosteal	0.4828
2021-08	8	1192	0	0.0021	benign	0.4771
2021-08	9	655	0	-0.0107	benign	0.4707
2021-08	10	292	0	0.4055	benign	0.4651
2021-08	11	313	0	-0.0029	benign	0.4646
2021-08	12	18	1	0.9409	infosteal	0.4586
2021-08	13	63	1	0.9409	infosteal	0.4586
2021-08	14	100	1	0.9409	infosteal	0.4586
2021-08	15	116	1	0.9409	execdownload	0.4586
2021-08	16	128	1	0.9409	infosteal	0.4586
2021-08	17	130	1	0.9409	execdownload	0.4586
2021-08	18	135	1	0.9409	execdownload	0.4586
2021-08	19	148	1	0.9409	execdownload	0.4586
2021-08	20	152	1	0.9409	execdownload	0.4586
2021-08	21	1368	0	-0.0008	benign	0.4503
2021-08	22	311	0	0.1227	benign	0.4479
2021-08	23	55	1	0.7190	infosteal	0.4477
2021-08	24	12	1	0.6321	execdownload	0.4416
2021-08	25	900	0	-0.0093	benign	0.4390
2021-08	26	270	0	-0.0070	benign	0.4294
2021-08	27	370	0	-0.0089	benign	0.4252
2021-08	28	742	0	-0.0090	benign	0.4252
2021-08	29	1398	0	0.0017	benign	0.4204
2021-08	30	998	0	0.1950	benign	0.4148
2021-08	31	909	0	-0.0186	benign	0.4091
2021-08	32	2	1	0.7923	execdownload	0.4062
2021-08	33	37	1	0.7923	execdownload	0.4062
2021-08	34	205	0	0.0158	benign	0.4012
2021-08	35	129	1	0.9722	spynote	0.3984
2021-08	36	1078	0	-0.0267	benign	0.3956
2021-08	37	591	0	0.0047	benign	0.3925
2021-08	38	1218	0	-0.0003	benign	0.3913
2021-08	39	1343	0	0.0032	benign	0.3906
2021-08	40	1046	0	0.1142	benign	0.3871
2021-08	41	1244	0	0.1588	benign	0.3775
2021-08	42	0	1	0.7933	execdownload	0.3718
2021-08	43	24	1	0.7933	execdownload	0.3718
2021-08	44	118	1	0.7933	execdownload	0.3718
2021-08	45	120	1	0.7933	infosteal	0.3718
2021-08	46	393	0	-0.0034	benign	0.3702
2021-08	47	1016	0	-0.0034	benign	0.3702
2021-08	48	1125	0	-0.0034	benign	0.3702
2021-08	49	11	1	1.0062	infosteal	0.3701
2021-08	50	40	1	1.0062	infosteal	0.3701
2021-08	51	505	0	-0.0030	benign	0.3585
2021-08	52	937	0	-0.0030	benign	0.3585
2021-08	53	33	1	0.9434	infosteal	0.3585
2021-08	54	70	1	0.9434	execdownload	0.3585
2021-08	55	73	1	0.9434	infosteal	0.3585
2021-08	56	85	1	0.9434	execdownload	0.3585
2021-08	57	111	1	0.9434	execdownload	0.3585
2021-08	58	142	1	0.9434	infosteal	0.3585
2021-08	59	143	1	0.9434	execdownload	0.3585
2021-08	60	161	1	0.9434	execdownload	0.3585
2021-08	61	903	0	0.1400	benign	0.3578
2021-08	62	1527	0	0.0863	benign	0.3559
2021-08	63	158	1	0.6589	execdownload	0.3478
2021-08	64	279	0	0.0032	benign	0.3476
2021-08	65	1187	0	0.1818	benign	0.3390
2021-08	66	717	0	0.3036	benign	0.3345
2021-08	67	168	1	0.3538	infosteal	0.3287
2021-08	68	20	1	0.3678	infosteal	0.3287
2021-08	69	1392	0	0.5758	benign	0.3284
2021-08	70	936	0	0.0938	benign	0.3270
2021-08	71	1110	0	0.0938	benign	0.3270
2021-08	72	345	0	-0.0191	benign	0.3263
2021-08	73	352	0	-0.0191	benign	0.3263
2021-08	74	1548	0	-0.0191	benign	0.3263
2021-08	75	1224	0	0.0516	benign	0.3225
2021-08	76	1374	0	-0.0532	benign	0.3175
2021-08	77	112	1	0.3529	infosteal	0.3174
2021-08	78	8	1	0.3529	infosteal	0.3165
2021-08	79	34	1	0.3528	infosteal	0.3165
2021-08	80	77	1	0.3529	infosteal	0.3165
2021-08	81	106	1	0.3529	infosteal	0.3165
2021-08	82	131	1	0.3528	execdownload	0.3165
2021-08	83	162	1	0.3529	execdownload	0.3165
2021-08	84	996	0	-0.0102	benign	0.3127
2021-08	85	1043	0	0.0001	benign	0.3120
2021-08	86	149	1	0.3435	infosteal	0.3088
2021-08	87	125	1	0.3435	execdownload	0.3079
2021-08	88	217	0	-0.0061	benign	0.3069
2021-08	89	9	1	1.0001	infosteal	0.3044
2021-08	90	6	1	0.9885	infosteal	0.3026
2021-08	91	139	1	0.9885	execdownload	0.3026
2021-08	92	169	1	0.9885	execdownload	0.3026
2021-08	93	1419	0	-0.0188	benign	0.2994
2021-08	94	1493	0	0.0561	benign	0.2957
2021-08	95	946	0	0.0063	benign	0.2893
2021-08	96	92	1	0.9962	execdownload	0.2874
2021-08	97	321	0	0.8705	benign	0.2851
2021-08	98	275	0	0.0001	benign	0.2850
2021-08	99	354	0	0.0010	benign	0.2846
2021-09	0	664	0	0.0366	benign	0.4992
2021-09	1	854	0	0.0366	benign	0.4992
2021-09	2	2031	0	0.0003	benign	0.4989
2021-09	3	1681	0	0.0784	benign	0.4977
2021-09	4	797	0	0.3546	benign	0.4947
2021-09	5	537	0	-0.1990	benign	0.4921
2021-09	6	1170	0	-0.1990	benign	0.4921
2021-09	7	1510	0	0.3435	benign	0.4881
2021-09	8	837	0	0.1469	benign	0.4809
2021-09	9	479	0	-0.0028	benign	0.4688
2021-09	10	73	1	0.2932	infosteal	0.4584
2021-09	11	137	1	0.2932	infosteal	0.4584
2021-09	12	152	1	0.2932	infosteal	0.4584
2021-09	13	563	0	0.0223	benign	0.4563
2021-09	14	408	0	-0.0007	benign	0.4479
2021-09	15	878	0	0.0971	benign	0.4320
2021-09	16	927	0	0.1975	benign	0.4318
2021-09	17	363	0	-0.0022	benign	0.4286
2021-09	18	411	0	-0.0038	benign	0.4245
2021-09	19	2012	0	0.0075	benign	0.4195
2021-09	20	376	0	0.2927	benign	0.4158
2021-09	21	1254	0	-0.0104	benign	0.4115
2021-09	22	14	1	0.8438	infosteal	0.4026
2021-09	23	62	1	0.8438	infosteal	0.4026
2021-09	24	450	0	0.0461	benign	0.4021
2021-09	25	472	0	0.0461	benign	0.4021
2021-09	26	510	0	0.1244	benign	0.3973
2021-09	27	1995	0	0.1206	benign	0.3954
2021-09	28	637	0	0.1132	benign	0.3902
2021-09	29	10	1	0.8214	execdownload	0.3861
2021-09	30	101	1	0.8214	execdownload	0.3861
2021-09	31	1854	0	0.3956	benign	0.3842
2021-09	32	780	0	-0.0011	benign	0.3825
2021-09	33	1438	0	-0.0011	benign	0.3825
2021-09	34	397	0	0.5312	benign	0.3803
2021-09	35	948	0	0.1045	benign	0.3797
2021-09	36	1344	0	0.1045	benign	0.3797
2021-09	37	1688	0	-0.0002	benign	0.3775
2021-09	38	1587	0	0.1685	benign	0.3765
2021-09	39	74	1	0.5330	infosteal	0.3674
2021-09	40	213	1	0.5330	execdownload	0.3674
2021-09	41	1130	0	0.0096	benign	0.3649
2021-09	42	746	0	0.0067	benign	0.3644
2021-09	43	201	1	0.1468	execdownload	0.3614
2021-09	44	658	0	-0.0053	benign	0.3610
2021-09	45	802	0	-0.0009	benign	0.3585
2021-09	46	1291	0	-0.0009	benign	0.3585
2021-09	47	689	0	-0.0039	benign	0.3559
2021-09	48	824	0	-0.0160	benign	0.3480
2021-09	49	133	1	0.8768	execdownload	0.3462
2021-09	50	222	1	0.8768	execdownload	0.3462
2021-09	51	227	1	0.8768	execdownload	0.3462
2021-09	52	1564	0	0.0708	benign	0.3456
2021-09	53	28	1	0.0875	infosteal	0.3435
2021-09	54	141	1	0.0875	infosteal	0.3435
2021-09	55	725	0	0.0116	benign	0.3427
2021-09	56	833	0	0.0116	benign	0.3427
2021-09	57	660	0	0.1103	benign	0.3409
2021-09	58	97	1	0.8621	execdownload	0.3399
2021-09	59	821	0	0.2021	benign	0.3382
2021-09	60	646	0	-0.0289	benign	0.3373
2021-09	61	683	0	-0.0289	benign	0.3373
2021-09	62	1312	0	-0.0276	benign	0.3373
2021-09	63	275	0	-0.0217	benign	0.3357
2021-09	64	1514	0	-0.0206	benign	0.3337
2021-09	65	1876	0	-0.0206	benign	0.3337
2021-09	66	1634	0	0.0880	benign	0.3310
2021-09	67	1078	0	-0.0118	benign	0.3299
2021-09	68	1537	0	-0.0009	benign	0.3270
2021-09	69	81	1	0.4235	execdownload	0.3268
2021-09	70	1703	0	0.0093	benign	0.3203
2021-09	71	1109	0	-0.0288	benign	0.3203
2021-09	72	2	1	0.9380	execdownload	0.3192
2021-09	73	165	1	0.9380	execdownload	0.3192
2021-09	74	171	1	0.9380	execdownload	0.3192
2021-09	75	591	0	-0.0016	benign	0.3167
2021-09	76	238	0	-0.0081	benign	0.3140
2021-09	77	1448	0	0.2570	benign	0.3133
2021-09	78	307	0	0.0853	benign	0.3127
2021-09	79	1762	0	0.1146	benign	0.3114
2021-09	80	1744	0	-0.0113	benign	0.3109
2021-09	81	1940	0	-0.0113	benign	0.3109
2021-09	82	1759	0	0.0506	benign	0.3072
2021-09	83	288	0	-0.0050	benign	0.3069
2021-09	84	649	0	-0.0012	benign	0.3066
2021-09	85	26	1	0.4863	execdownload	0.2989
2021-09	86	33	1	0.4863	execdownload	0.2989
2021-09	87	35	1	0.4863	execdownload	0.2989
2021-09	88	1017	0	0.0679	benign	0.2970
2021-09	89	1547	0	0.7519	benign	0.2907
2021-09	90	2014	0	-0.0339	benign	0.2903
2021-09	91	1305	0	-0.0018	benign	0.2880
2021-09	92	1353	0	0.2450	benign	0.2878
2021-09	93	1313	0	0.0360	benign	0.2869
2021-09	94	1275	0	-0.0108	benign	0.2869
2021-09	95	713	0	0.0280	benign	0.2860
2021-09	96	1055	0	0.0280	benign	0.2860
2021-09	97	475	0	0.0046	benign	0.2857
2021-09	98	1427	0	0.0722	benign	0.2840
2021-09	99	569	0	0.0370	benign	0.2833
2021-10	0	294	0	0.0095	benign	0.4560
2021-10	1	575	0	-0.0004	benign	0.4451
2021-10	2	804	0	0.1644	benign	0.4376
2021-10	3	526	0	0.0008	benign	0.4300
2021-10	4	299	0	0.0012	benign	0.4284
2021-10	5	647	0	-0.0006	benign	0.4245
2021-10	6	7	1	0.4232	infosteal	0.4034
2021-10	7	17	1	0.4232	infosteal	0.4034
2021-10	8	25	1	0.4232	infosteal	0.4034
2021-10	9	32	1	0.4232	infosteal	0.4034
2021-10	10	52	1	0.4232	infosteal	0.4034
2021-10	11	57	1	0.4232	infosteal	0.4034
2021-10	12	87	1	0.4232	infosteal	0.4034
2021-10	13	91	1	0.4232	infosteal	0.4034
2021-10	14	113	1	0.4232	infosteal	0.4034
2021-10	15	114	1	0.4232	infosteal	0.4034
2021-10	16	119	1	0.4232	infosteal	0.4034
2021-10	17	236	0	0.0002	benign	0.4021
2021-10	18	582	0	-0.0121	benign	0.3956
2021-10	19	135	0	-0.0186	benign	0.3830
2021-10	20	334	0	-0.0004	benign	0.3797
2021-10	21	234	0	0.0879	benign	0.3596
2021-10	22	1038	0	-0.0028	benign	0.3559
2021-10	23	633	0	-0.0098	benign	0.3533
2021-10	24	427	0	0.0033	benign	0.3480
2021-10	25	963	0	0.1559	benign	0.3445
2021-10	26	126	0	0.0330	benign	0.3375
2021-10	27	350	0	0.0008	benign	0.3365
2021-10	28	702	0	-0.0045	benign	0.3355
2021-10	29	148	0	0.0829	benign	0.3353
2021-10	30	150	0	-0.0001	benign	0.3270
2021-10	31	235	0	0.0599	benign	0.3253
2021-10	32	453	0	-0.0033	benign	0.3234
2021-10	33	19	1	0.9347	infosteal	0.3233
2021-10	34	42	1	0.9347	infosteal	0.3233
2021-10	35	74	1	0.9347	infosteal	0.3233
2021-10	36	92	1	0.9347	infosteal	0.3233
2021-10	37	577	0	0.0015	benign	0.3204
2021-10	38	123	0	-0.0035	benign	0.3140
2021-10	39	751	0	0.0014	benign	0.3133
2021-10	40	465	0	-0.0010	benign	0.3109
2021-10	41	906	0	-0.0017	benign	0.3069
2021-10	42	356	0	0.2644	benign	0.2938
2021-10	43	1023	0	-0.0002	benign	0.2903
2021-10	44	335	0	-0.0010	benign	0.2869
2021-10	45	385	0	0.2164	benign	0.2860
2021-10	46	3	1	0.2885	infosteal	0.2858
2021-10	47	37	1	0.2885	infosteal	0.2858
2021-10	48	45	1	0.2885	infosteal	0.2858
2021-10	49	48	1	0.2885	infosteal	0.2858
2021-10	50	116	1	0.2885	infosteal	0.2858
2021-10	51	659	0	0.0017	benign	0.2853
2021-10	52	831	0	-0.0073	benign	0.2821
2021-10	53	638	0	0.0460	benign	0.2782
2021-10	54	775	0	-0.0044	benign	0.2773
2021-10	55	219	0	-0.0243	benign	0.2748
2021-10	56	567	0	0.0008	benign	0.2725
2021-10	57	749	0	0.0160	benign	0.2696
2021-10	58	975	0	0.0629	benign	0.2646
2021-10	59	125	0	0.1206	benign	0.2638
2021-10	60	13	1	1.0475	infosteal	0.2637
2021-10	61	15	1	1.0475	infosteal	0.2637
2021-10	62	16	1	1.0475	infosteal	0.2637
2021-10	63	30	1	1.0475	infosteal	0.2637
2021-10	64	44	1	1.0475	infosteal	0.2637
2021-10	65	51	1	1.0475	infosteal	0.2637
2021-10	66	61	1	1.0475	infosteal	0.2637
2021-10	67	88	1	1.0475	infosteal	0.2637
2021-10	68	93	1	1.0475	infosteal	0.2637
2021-10	69	99	1	1.0475	infosteal	0.2637
2021-10	70	104	1	1.0475	infosteal	0.2637
2021-10	71	105	1	1.0475	infosteal	0.2637
2021-10	72	885	0	0.1499	benign	0.2618
2021-10	73	6	1	0.5139	infosteal	0.2591
2021-10	74	646	0	0.1478	benign	0.2574
2021-10	75	54	1	0.5129	infosteal	0.2530
2021-10	76	678	0	0.0259	benign	0.2492
2021-10	77	709	0	0.0299	benign	0.2462
2021-10	78	0	1	0.6199	infosteal	0.2436
2021-10	79	2	1	0.6199	infosteal	0.2436
2021-10	80	21	1	0.6199	infosteal	0.2436
2021-10	81	64	1	0.6199	infosteal	0.2436
2021-10	82	82	1	0.6199	infosteal	0.2436
2021-10	83	106	1	0.6199	infosteal	0.2436
2021-10	84	109	1	0.6199	infosteal	0.2436
2021-10	85	727	0	-0.0107	benign	0.2377
2021-10	86	69	1	0.5029	execdownload	0.2373
2021-10	87	487	0	0.0093	benign	0.2361
2021-10	88	1029	0	0.0093	benign	0.2361
2021-10	89	538	0	-0.0019	benign	0.2355
2021-10	90	458	0	0.0005	benign	0.2352
2021-10	91	739	0	0.0514	benign	0.2319
2021-10	92	1056	0	-0.0120	benign	0.2301
2021-10	93	606	0	-0.0278	benign	0.2280
2021-10	94	182	0	-0.0001	benign	0.2272
2021-10	95	211	0	0.0271	benign	0.2270
2021-10	96	291	0	-0.0020	benign	0.2262
2021-10	97	628	0	-0.0020	benign	0.2262
2021-10	98	662	0	-0.0020	benign	0.2262
2021-10	99	825	0	-0.0020	benign	0.2262
2021-11	0	409	0	0.0094	benign	0.4883
2021-11	1	283	0	0.2639	benign	0.4784
2021-11	2	52	1	1.0445	infosteal	0.4701
2021-11	3	253	0	0.0004	benign	0.4583
2021-11	4	386	0	0.0013	benign	0.4560
2021-11	5	205	0	0.2511	benign	0.4226
2021-11	6	322	0	0.2370	benign	0.4140
2021-11	7	307	0	0.2184	benign	0.4131
2021-11	8	437	0	0.1978	benign	0.4126
2021-11	9	214	0	0.2150	benign	0.4100
2021-11	10	47	1	0.2768	infosteal	0.3926
2021-11	11	136	0	-0.0058	benign	0.3824
2021-11	12	26	1	0.4714	infosteal	0.3754
2021-11	13	46	1	0.4714	server	0.3754
2021-11	14	243	0	-0.0443	benign	0.3714
2021-11	15	362	0	-0.0659	benign	0.3556
2021-11	16	60	0	-0.0104	benign	0.3381
2021-11	17	149	0	-0.0017	benign	0.3373
2021-11	18	128	0	0.0007	benign	0.3365
2021-11	19	197	0	0.0007	benign	0.3365
2021-11	20	100	0	-0.0398	benign	0.3282
2021-11	21	220	0	-0.0005	benign	0.3234
2021-11	22	143	0	-0.0071	benign	0.3140
2021-11	23	268	0	0.0095	benign	0.3044
2021-11	24	129	0	0.2023	benign	0.2979
2021-11	25	327	0	0.0477	benign	0.2869
2021-11	26	264	0	-0.0010	benign	0.2853
2021-11	27	104	0	0.0694	benign	0.2772
2021-11	28	38	1	0.9612	infosteal	0.2596
2021-11	29	338	0	0.0028	benign	0.2573
2021-11	30	392	0	0.5430	benign	0.2478
2021-11	31	89	0	0.0026	benign	0.2451
2021-11	32	370	0	-0.0044	benign	0.2400
2021-11	33	267	0	-0.0337	benign	0.2381
2021-11	34	466	0	0.0802	benign	0.2331
2021-11	35	189	0	0.2009	benign	0.2314
2021-11	36	406	0	0.0010	benign	0.2292
2021-11	37	419	0	0.0859	benign	0.2254
2021-11	38	7	1	1.0627	execdownload	0.2219
2021-11	39	11	1	1.0627	execdownload	0.2219
2021-11	40	21	1	1.0627	wroba	0.2219
2021-11	41	24	1	1.0627	execdownload	0.2219
2021-11	42	31	1	1.0627	execdownload	0.2219
2021-11	43	33	1	1.0627	execdownload	0.2219
2021-11	44	34	1	1.0627	wroba	0.2219
2021-11	45	40	1	1.0627	wroba	0.2219
2021-11	46	407	0	0.0004	benign	0.2167
2021-11	47	236	0	0.1178	benign	0.2114
2021-11	48	314	0	0.1178	benign	0.2114
2021-11	49	16	1	0.3796	wroba	0.2081
2021-11	50	14	1	0.8344	execdownload	0.2056
2021-11	51	35	1	0.8344	execdownload	0.2056
2021-11	52	421	0	0.0483	benign	0.2034
2021-11	53	0	1	0.4724	infosteal	0.2019
2021-11	54	1	1	0.4724	infosteal	0.2019
2021-11	55	5	1	0.4724	infosteal	0.2019
2021-11	56	43	1	0.4724	infosteal	0.2019
2021-11	57	45	1	0.4724	execdownload	0.2019
2021-11	58	8	1	0.1570	piom	0.1948
2021-11	59	10	1	0.1570	piom	0.1948
2021-11	60	41	1	0.1570	piom	0.1948
2021-11	61	291	0	-0.0018	benign	0.1891
2021-11	62	401	0	0.0032	benign	0.1789
2021-11	63	429	0	-0.0106	benign	0.1758
2021-11	64	37	1	0.6762	execdownload	0.1694
2021-11	65	245	0	0.0156	benign	0.1681
2021-11	66	465	0	0.0049	benign	0.1677
2021-11	67	211	0	0.0617	benign	0.1631
2021-11	68	384	0	0.0611	benign	0.1622
2021-11	69	196	0	0.0059	benign	0.1607
2021-11	70	364	0	-0.0058	benign	0.1599
2021-11	71	350	0	-0.0223	benign	0.1521
2021-11	72	39	1	0.1103	spyware	0.1509
2021-11	73	183	0	0.0984	benign	0.1501
2021-11	74	147	0	0.0382	benign	0.1490
2021-11	75	337	0	0.0155	benign	0.1485
2021-11	76	249	0	-0.0351	benign	0.1466
2021-11	77	471	0	-0.0351	benign	0.1466
2021-11	78	94	0	-0.0106	benign	0.1414
2021-11	79	286	0	0.0659	benign	0.1400
2021-11	80	173	0	0.1810	benign	0.1384
2021-11	81	208	0	-0.1027	benign	0.1373
2021-11	82	454	0	-0.1027	benign	0.1373
2021-11	83	269	0	0.0115	benign	0.1332
2021-11	84	277	0	0.0376	benign	0.1299
2021-11	85	98	0	-0.0068	benign	0.1295
2021-11	86	379	0	-0.0063	benign	0.1268
2021-11	87	418	0	0.0233	benign	0.1267
2021-11	88	293	0	0.0055	benign	0.1235
2021-11	89	373	0	0.0447	benign	0.1146
2021-11	90	199	0	0.0226	benign	0.1146
2021-11	91	174	0	0.2021	benign	0.1136
2021-11	92	368	0	-0.0064	benign	0.1128
2021-11	93	73	0	0.0434	benign	0.1119
2021-11	94	17	1	-0.0203	unknown	0.1087
2021-11	95	430	0	0.0048	benign	0.1013
2021-11	96	452	0	0.0048	benign	0.1013
2021-11	97	425	0	-0.0027	benign	0.0947
2021-11	98	299	0	-0.0015	benign	0.0942
2021-11	99	56	0	0.0064	benign	0.0933
